cve_entidad,desc_entidad,cve_municipio,desc_municipio,id_indicador,indicador,año,valor,unidad_medida
3,Baja California Sur,0,ESTATAL,1001000001,Superficie continental,2020,73909.37049902,Kilómetros cuadrados
3,Baja California Sur,0,ESTATAL,1002000001,Población total,2020,798447.0,Personas
3,Baja California Sur,0,ESTATAL,1002000002,Población total hombres,2020,405879.0,Personas
3,Baja California Sur,0,ESTATAL,1002000003,Población total mujeres,2020,392568.0,Personas
3,Baja California Sur,0,ESTATAL,1002000004,Porcentaje de población de 15 a 29 años,2020,25.2968456025321,Porcentaje
3,Baja California Sur,0,ESTATAL,1002000005,Porcentaje de hombres de 15 a 29 años,2020,25.559576796067,Porcentaje
3,Baja California Sur,0,ESTATAL,1002000006,Porcentaje de mujeres de 15 a 29 años,2020,25.0251510985846,Porcentaje
3,Baja California Sur,0,ESTATAL,1002000007,Porcentaje de población de 60 y más años,2020,9.51516791361746,Porcentaje
3,Baja California Sur,0,ESTATAL,1002000008,Porcentaje de hombres de 60 y más años,2020,9.1475520217048,Porcentaje
3,Baja California Sur,0,ESTATAL,1002000009,Porcentaje de mujeres de 60 y más años,2020,9.8953253515394,Porcentaje
3,Baja California Sur,0,ESTATAL,1002000010,Edad mediana,2020,29.0,Años
3,Baja California Sur,0,ESTATAL,1002000011,Edad mediana hombres,2020,29.0,Años
3,Baja California Sur,0,ESTATAL,1002000012,Edad mediana mujeres,2020,30.0,Años
3,Baja California Sur,0,ESTATAL,1002000013,Promedio de hijos nacidos vivos de las mujeres de 12 años y más,2020,1.90062197252315,Promedio
3,Baja California Sur,0,ESTATAL,1002000014,Población en hogares censales,2020,793424.0,Personas
3,Baja California Sur,0,ESTATAL,1002000015,Población en hogares familiares,2020,744497.0,Personas
3,Baja California Sur,0,ESTATAL,1002000016,Población en hogares no familiares,2020,45235.0,Personas
3,Baja California Sur,0,ESTATAL,1002000018,Hogares censales,2020,240468.0,Hogares
3,Baja California Sur,0,ESTATAL,1002000019,Hogares con jefatura masculina,2020,164145.0,Hogares
3,Baja California Sur,0,ESTATAL,1002000020,Hogares con jefatura femenina,2020,76323.0,Hogares
3,Baja California Sur,0,ESTATAL,1002000021,Tamaño promedio de los hogares censales,2020,3.29949930967946,Personas
3,Baja California Sur,0,ESTATAL,1002000022,Tamaño promedio de los hogares con jefe hombre,2020,3.35923116756526,Personas
3,Baja California Sur,0,ESTATAL,1002000023,Tamaño promedio de los hogares con jefe mujer,2020,3.17103625381602,Personas
3,Baja California Sur,0,ESTATAL,1002000024,Relación hombres-mujeres,2020,103.390750137556,Hombres por cada 100 mujeres
3,Baja California Sur,0,ESTATAL,1002000041,Porcentaje de personas de 15 años y más alfabetas,2020,97.4234878303478,Porcentaje
3,Baja California Sur,0,ESTATAL,1002000050,Tasa de alfabetización de las personas de 15 a 24 años,2020,98.9849635434,Tasa
3,Baja California Sur,0,ESTATAL,1002000055,Población de edad no especificada,2020,3842.0,Personas
3,Baja California Sur,0,ESTATAL,1002000056,Población de edad no especificada. Hombres,2020,1913.0,Personas
3,Baja California Sur,0,ESTATAL,1002000057,Población de edad no especificada. Mujeres,2020,1929.0,Personas
3,Baja California Sur,0,ESTATAL,1002000058,Población de 0 a 4 años,2020,62455.0,Personas
3,Baja California Sur,0,ESTATAL,1002000059,Población de 0 a 4 años. Hombres,2020,31479.0,Personas
3,Baja California Sur,0,ESTATAL,1002000060,Población de 0 a 4 años. Mujeres,2020,30976.0,Personas
3,Baja California Sur,0,ESTATAL,1002000061,Población de 10 a 14 años,2020,67665.0,Personas
3,Baja California Sur,0,ESTATAL,1002000062,Población de 10 a 14 años. Hombres,2020,34455.0,Personas
3,Baja California Sur,0,ESTATAL,1002000063,Población de 10 a 14 años. Mujeres,2020,33210.0,Personas
3,Baja California Sur,0,ESTATAL,1002000064,Población de 100 años y más,2020,55.0,Personas
3,Baja California Sur,0,ESTATAL,1002000065,Población de 100 años y más. Hombres,2020,18.0,Personas
3,Baja California Sur,0,ESTATAL,1002000066,Población de 100 años y más. Mujeres,2020,37.0,Personas
3,Baja California Sur,0,ESTATAL,1002000067,Población de 15 a 19 años,2020,65469.0,Personas
3,Baja California Sur,0,ESTATAL,1002000068,Población de 15 a 19 años. Hombres,2020,33788.0,Personas
3,Baja California Sur,0,ESTATAL,1002000069,Población de 15 a 19 años. Mujeres,2020,31681.0,Personas
3,Baja California Sur,0,ESTATAL,1002000070,Población de 20 a 24 años,2020,66743.0,Personas
3,Baja California Sur,0,ESTATAL,1002000071,Población de 20 a 24 años. Hombres,2020,34418.0,Personas
3,Baja California Sur,0,ESTATAL,1002000072,Población de 20 a 24 años. Mujeres,2020,32325.0,Personas
3,Baja California Sur,0,ESTATAL,1002000073,Población de 25 a 29 años,2020,68798.0,Personas
3,Baja California Sur,0,ESTATAL,1002000074,Población de 25 a 29 años. Hombres,2020,35046.0,Personas
3,Baja California Sur,0,ESTATAL,1002000075,Población de 25 a 29 años. Mujeres,2020,33752.0,Personas
3,Baja California Sur,0,ESTATAL,1002000076,Población de 30 a 34 años,2020,67779.0,Personas
3,Baja California Sur,0,ESTATAL,1002000077,Población de 30 a 34 años. Hombres,2020,34653.0,Personas
3,Baja California Sur,0,ESTATAL,1002000078,Población de 30 a 34 años. Mujeres,2020,33126.0,Personas
3,Baja California Sur,0,ESTATAL,1002000079,Población de 35 a 39 años,2020,64927.0,Personas
3,Baja California Sur,0,ESTATAL,1002000080,Población de 35 a 39 años. Hombres,2020,33289.0,Personas
3,Baja California Sur,0,ESTATAL,1002000081,Población de 35 a 39 años. Mujeres,2020,31638.0,Personas
3,Baja California Sur,0,ESTATAL,1002000082,Población de 40 a 44 años,2020,59389.0,Personas
3,Baja California Sur,0,ESTATAL,1002000083,Población de 40 a 44 años. Hombres,2020,30390.0,Personas
3,Baja California Sur,0,ESTATAL,1002000084,Población de 40 a 44 años. Mujeres,2020,28999.0,Personas
3,Baja California Sur,0,ESTATAL,1002000085,Población de 45 a 49 años,2020,51771.0,Personas
3,Baja California Sur,0,ESTATAL,1002000086,Población de 45 a 49 años. Hombres,2020,26718.0,Personas
3,Baja California Sur,0,ESTATAL,1002000087,Población de 45 a 49 años. Mujeres,2020,25053.0,Personas
3,Baja California Sur,0,ESTATAL,1002000088,Población de 5 a 9 años,2020,66933.0,Personas
3,Baja California Sur,0,ESTATAL,1002000089,Población de 5 a 9 años. Hombres,2020,33962.0,Personas
3,Baja California Sur,0,ESTATAL,1002000090,Población de 5 a 9 años. Mujeres,2020,32971.0,Personas
3,Baja California Sur,0,ESTATAL,1002000091,Población de 50 a 54 años,2020,43337.0,Personas
3,Baja California Sur,0,ESTATAL,1002000092,Población de 50 a 54 años. Hombres,2020,21910.0,Personas
3,Baja California Sur,0,ESTATAL,1002000093,Población de 50 a 54 años. Mujeres,2020,21427.0,Personas
3,Baja California Sur,0,ESTATAL,1002000094,Población de 55 a 59 años,2020,33731.0,Personas
3,Baja California Sur,0,ESTATAL,1002000095,Población de 55 a 59 años. Hombres,2020,16905.0,Número de personas
3,Baja California Sur,0,ESTATAL,1002000096,Población de 55 a 59 años. Mujeres,2020,16826.0,Número de personas
3,Baja California Sur,0,ESTATAL,1002000097,Población de 60 a 64 años,2020,27095.0,Personas
3,Baja California Sur,0,ESTATAL,1002000098,Población de 60 a 64 años. Hombres,2020,13415.0,Número de personas
3,Baja California Sur,0,ESTATAL,1002000099,Población de 60 a 64 años. Mujeres,2020,13680.0,Número de personas
3,Baja California Sur,0,ESTATAL,1002000100,Población de 65 a 69 años,2020,19274.0,Personas
3,Baja California Sur,0,ESTATAL,1002000101,Población de 65 a 69 años. Hombres,2020,9587.0,Número de personas
3,Baja California Sur,0,ESTATAL,1002000102,Población de 65 a 69 años. Mujeres,2020,9687.0,Número de personas
3,Baja California Sur,0,ESTATAL,1002000103,Población de 70 a 74 años,2020,12545.0,Personas
3,Baja California Sur,0,ESTATAL,1002000104,Población de 70 a 74 años. Hombres,2020,6165.0,Número de personas
3,Baja California Sur,0,ESTATAL,1002000105,Población de 70 a 74 años. Mujeres,2020,6380.0,Número de personas
3,Baja California Sur,0,ESTATAL,1002000106,Población de 75 a 79 años,2020,8166.0,Personas
3,Baja California Sur,0,ESTATAL,1002000107,Población de 75 a 79 años. Hombres,2020,3984.0,Número de personas
3,Baja California Sur,0,ESTATAL,1002000108,Población de 75 a 79 años. Mujeres,2020,4182.0,Número de personas
3,Baja California Sur,0,ESTATAL,1002000109,Población de 80 a 84 años,2020,4649.0,Personas
3,Baja California Sur,0,ESTATAL,1002000110,Población de 80 a 84 años. Hombres,2020,2134.0,Número de personas
3,Baja California Sur,0,ESTATAL,1002000111,Población de 80 a 84 años. Mujeres,2020,2515.0,Número de personas
3,Baja California Sur,0,ESTATAL,1002000112,Población de 85 a 89 años,2020,2556.0,Personas
3,Baja California Sur,0,ESTATAL,1002000113,Población de 85 a 89 años. Hombres,2020,1165.0,Número de personas
3,Baja California Sur,0,ESTATAL,1002000114,Población de 85 a 89 años. Mujeres,2020,1391.0,Número de personas
3,Baja California Sur,0,ESTATAL,1002000115,Población de 90 a 94 años,2020,936.0,Personas
3,Baja California Sur,0,ESTATAL,1002000116,Población de 90 a 94 años. Hombres,2020,367.0,Número de personas
3,Baja California Sur,0,ESTATAL,1002000117,Población de 90 a 94 años. Mujeres,2020,569.0,Número de personas
3,Baja California Sur,0,ESTATAL,1002000118,Población de 95 a 99 años,2020,332.0,Personas
3,Baja California Sur,0,ESTATAL,1002000119,Población de 95 a 99 años. Hombres,2020,118.0,Número de personas
3,Baja California Sur,0,ESTATAL,1002000120,Población de 95 a 99 años. Mujeres,2020,214.0,Número de personas
3,Baja California Sur,0,ESTATAL,1002000127,Relación de dependencia,2020,44.7265130528068,Personas dependientes por cada 100 personas en edad de trabajar
3,Baja California Sur,0,ESTATAL,1003000001,Total de viviendas particulares habitadas,2020,240468.0,Viviendas
3,Baja California Sur,0,ESTATAL,1003000011,Viviendas particulares habitadas,2020,226838.0,Número de Viviendas
3,Baja California Sur,0,ESTATAL,1003000015,Promedio de ocupantes en viviendas particulares habitadas,2020,3.30341998178461,Promedio
3,Baja California Sur,0,ESTATAL,1003000017,Viviendas particulares habitadas que disponen de energía eléctrica,2020,235285.0,Viviendas
3,Baja California Sur,0,ESTATAL,1003000018,Viviendas particulares habitadas que disponen de agua de la red pública en el ámbito de la vivienda,2020,226124.0,Viviendas
3,Baja California Sur,0,ESTATAL,1003000019,Viviendas particulares habitadas que disponen de drenaje,2020,231864.0,Viviendas
3,Baja California Sur,0,ESTATAL,1003000020,Viviendas particulares habitadas que disponen de excusado o sanitario,2020,236365.0,Viviendas
3,Baja California Sur,0,ESTATAL,1003000023,Viviendas particulares habitadas que disponen de lavadora,2020,164034.0,Viviendas
3,Baja California Sur,0,ESTATAL,1003000024,Viviendas particulares habitadas que disponen de computadora,2020,108948.0,Viviendas
3,Baja California Sur,0,ESTATAL,1004000001,Población derechohabiente a servicios de salud,2020,664122.0,Personas
3,Baja California Sur,0,ESTATAL,1005000012,Población de 5 años y más que asiste a la escuela,2020,200470.0,Personas
3,Baja California Sur,0,ESTATAL,1005000038,Grado promedio de escolaridad de la población de 15 y más años,2020,10.3425484887369,Años de escolaridad
3,Baja California Sur,0,ESTATAL,1005000039,Población de 5 años y más hablante de lengua indígena,2020,13495.0,Personas
3,Baja California Sur,0,ESTATAL,3104003001,Porcentaje de población inmigrante (migración reciente),2020,9.99368457049564,Porcentaje
3,Baja California Sur,0,ESTATAL,3105001001,Densidad de población,2020,10.8030550741951,Habitantes por kilómetro cuadrado
3,Baja California Sur,0,ESTATAL,3105004001,Porcentaje de población en localidades de menos de 2 500 habitantes,2020,8.88562421801322,Porcentaje
3,Baja California Sur,0,ESTATAL,3108001001,Porcentaje de analfabetas total,2020,2.33050847457627,Porcentaje
3,Baja California Sur,0,ESTATAL,3108001002,Porcentaje de analfabetas hombres,2020,2.17449929292597,Porcentaje
3,Baja California Sur,0,ESTATAL,3108001003,Porcentaje de analfabetas mujeres,2020,2.49214602599137,Porcentaje
3,Baja California Sur,0,ESTATAL,3114004001,Porcentaje de viviendas con piso de tierra,2020,4.69338814662556,Porcentaje
3,Baja California Sur,0,ESTATAL,3114006001,Porcentaje de viviendas con electricidad,2020,98.2983647924866,Porcentaje
3,Baja California Sur,0,ESTATAL,6200031290,Porcentaje de viviendas particulares habitadas con disponibilidad de drenaje,2020,96.8691249091319,Porcentaje
3,Baja California Sur,0,ESTATAL,6200031291,Porcentaje de viviendas particulares habitadas con disponibilidad de excusado,2020,98.7495717711545,Porcentaje
3,Baja California Sur,0,ESTATAL,6200108938,Porcentaje de viviendas con techos de materiales resistentes,2020,80.6055536406359,Porcentaje
3,Baja California Sur,0,ESTATAL,6200205238,Población de 8 a 14 años que sabe leer y escribir,2020,92208.0,Personas
3,Baja California Sur,0,ESTATAL,6200205243,Viviendas habitadas,2020,240660.0,Viviendas
3,Baja California Sur,0,ESTATAL,6200205244,Viviendas que son cuarto de azotea,2020,11.0,Viviendas
3,Baja California Sur,0,ESTATAL,6200205245,Viviendas móviles,2020,339.0,Viviendas
3,Baja California Sur,0,ESTATAL,6200205246,Viviendas que son departamento en edificio o vivienda en vecindad,2020,17440.0,Viviendas
3,Baja California Sur,0,ESTATAL,6200205247,Viviendas que son refugio,2020,119.0,Viviendas
3,Baja California Sur,0,ESTATAL,6200205248,Viviendas colectivas,2020,192.0,Viviendas
3,Baja California Sur,0,ESTATAL,6200205249,Viviendas que son casa independiente o local no construido para habitación,2020,193490.0,Viviendas
3,Baja California Sur,0,ESTATAL,6200205251,Promedio de hijos nacidos vivos de las mujeres de 12 años y más casada sólo religiosamente,2020,2.68598639455782,Promedio
3,Baja California Sur,0,ESTATAL,6200205252,Población de 5 años y más inmigrante,2020,72475.0,Personas
3,Baja California Sur,0,ESTATAL,6200205253,Población total sin limitación en la actividad,2020,663217.0,Personas
3,Baja California Sur,0,ESTATAL,6200205254,Población total que no especificó limitación en la actividad,2020,4728.0,Personas
3,Baja California Sur,0,ESTATAL,6200205255,Porcentaje de la población migrante internacional destino otro país,2020,24.893797790994,Porcentaje
3,Baja California Sur,0,ESTATAL,6200205256,Población de 5 años y más con religión no especificada,2020,1267.0,Personas
3,Baja California Sur,0,ESTATAL,6200205257,Población de 5 años y más católica,2020,544008.0,Personas
3,Baja California Sur,0,ESTATAL,6200205258,Promedio de hijos nacidos vivos de las mujeres de 12 años y más solteras,2020,0.350376932578048,Promedio
3,Baja California Sur,0,ESTATAL,6200205259,Población nacida en otro país residente en México,2020,9364.0,Personas
3,Baja California Sur,0,ESTATAL,6200205260,Población con limitación en la actividad para escuchar,2020,15418.0,Personas
3,Baja California Sur,0,ESTATAL,6200205261,Población con limitación en la actividad para hablar o comunicarse,2020,5368.0,Personas
3,Baja California Sur,0,ESTATAL,6200205263,Población con limitación en la actividad para caminar o moverse,2020,23685.0,Personas
3,Baja California Sur,0,ESTATAL,6200205264,Porcentaje de la población migrante internacional destino no especificado,2020,9.77060322854715,Porcentaje
3,Baja California Sur,0,ESTATAL,6200205265,Promedio de hijos nacidos vivos de las mujeres de 12 años y más que no especificó estado conyugal,2020,2.41666666666667,Promedio
3,Baja California Sur,0,ESTATAL,6200205266,Promedio de hijos nacidos vivos de las mujeres de 12 años y más casada civil y religiosamente,2020,2.77777554909237,Promedio
3,Baja California Sur,0,ESTATAL,6200205267,Promedio de hijos nacidos vivos de las mujeres de 12 años y más separadas,2020,2.60385304225761,Promedio
3,Baja California Sur,0,ESTATAL,6200205268,Población nacida en otro país residente en México hombres,2020,5088.0,Personas
3,Baja California Sur,0,ESTATAL,6200205269,Población con limitación en la actividad para atender el cuidado personal,2020,3572.0,Personas
3,Baja California Sur,0,ESTATAL,6200205270,Población con limitación en la actividad para poner atención o aprender,2020,18138.0,Personas
3,Baja California Sur,0,ESTATAL,6200205271,Población con limitación en la actividad,2020,90233.0,Personas
3,Baja California Sur,0,ESTATAL,6200205272,Porcentaje de población nacida en otro país residente en México,2020,1.17277665267701,Porcentaje
3,Baja California Sur,0,ESTATAL,6200205273,Población de 5 años y más con religión distinta de católica,2020,100304.0,Personas
3,Baja California Sur,0,ESTATAL,6200205274,Porcentaje de población masculina nacida en otro país residente en México,2020,1.2535755730156,Porcentaje
3,Baja California Sur,0,ESTATAL,6200205275,Promedio de hijos nacidos vivos de las mujeres de 12 años y más divorciadas,2020,2.50446224256293,Promedio
3,Baja California Sur,0,ESTATAL,6200205276,Promedio de hijos nacidos vivos de las mujeres de 12 años y más en unión libre,2020,2.05257430103905,Promedio
3,Baja California Sur,0,ESTATAL,6200205277,Población de 5 años y más emigrante,2020,26996.0,Personas
3,Baja California Sur,0,ESTATAL,6200205279,Promedio de hijos nacidos vivos de las mujeres de 12 años y más casada sólo por lo civil,2020,2.4087358635231,Promedio
3,Baja California Sur,0,ESTATAL,6200205280,Población con limitación en la actividad para ver,2020,58631.0,Personas
3,Baja California Sur,0,ESTATAL,6200205282,Porcentaje de población femenina nacida en otro país residente en México,2020,1.08923804283589,Porcentaje
3,Baja California Sur,0,ESTATAL,6200205283,Promedio de hijos nacidos vivos de las mujeres de 12 años y más viudas,2020,4.65645305514158,Promedio
3,Baja California Sur,0,ESTATAL,6200205284,Población nacida en otro país residente en México mujeres,2020,4276.0,Personas
3,Baja California Sur,0,ESTATAL,6200205285,Porcentaje de la población migrante internacional destino Estados Unidos de América,2020,65.3355989804588,Porcentaje
3,Baja California Sur,0,ESTATAL,6200205286,Población con limitación en la actividad mental,2020,10136.0,Personas
3,Baja California Sur,0,ESTATAL,6200205288,Índice de masculinidad de la población nacida en otro país residente en México,2020,118.989710009355,Índice
3,Baja California Sur,0,ESTATAL,6200205289,Población de 5 años y más sin religión,2020,86571.0,Personas
3,Baja California Sur,0,ESTATAL,6200240300,Porcentaje de hombres de 0 a 4 años,2020,3.96159097916575,Porcentaje
3,Baja California Sur,0,ESTATAL,6200240301,Población católica,2020,587.796,Miles DE personas
3,Baja California Sur,0,ESTATAL,6200240302,Porcentaje de la población de 60 a 84 años con limitación en la actividad,2020,31.362489369711,Porcentaje
3,Baja California Sur,0,ESTATAL,6200240304,Tasa de monolingüismo de la población de 5 años y más hablante de Tojolabal,2020,0.0,Porcentaje
3,Baja California Sur,0,ESTATAL,6200240305,Porcentaje de la población que profesa la religión católica,2020,73.617409796768,Porcentaje
3,Baja California Sur,0,ESTATAL,6200240310,Porcentaje de mujeres de 75 a 79 años,2020,0.526299230435248,Porcentaje
3,Baja California Sur,0,ESTATAL,6200240311,Porcentaje de hombres de 10 a 14 años,2020,4.33611668690733,Porcentaje
3,Baja California Sur,0,ESTATAL,6200240312,Porcentaje de mujeres de 5 a 9 años,2020,4.14935722780501,Porcentaje
3,Baja California Sur,0,ESTATAL,6200240314,Porcentaje de la población de 15 años y más con instrucción media superior,2020,29.1641564248802,Porcentaje
3,Baja California Sur,0,ESTATAL,6200240315,Porcentaje de la población con limitación mental,2020,1.33607155944438,Porcentaje
3,Baja California Sur,0,ESTATAL,6200240316,Tasa de monolingüismo de la población de 5 años y más hablante de Maya,2020,0.0,Porcentaje
3,Baja California Sur,0,ESTATAL,6200240318,Población de 5 años y más hablante de Tzeltal  (Tseltal),2020,382.0,Personas
3,Baja California Sur,0,ESTATAL,6200240319,Tasa de monolingüismo de la población de 5 años y más hablante de Mazateco,2020,0.77369439071566,Porcentaje
3,Baja California Sur,0,ESTATAL,6200240320,Población de 5 años y más hablante de Lenguas chinantecas,2020,67.0,Personas
3,Baja California Sur,0,ESTATAL,6200240323,Porcentaje de la población derechohabiente en el Seguro popular,2020,20.9813859501718,Porcentaje
3,Baja California Sur,0,ESTATAL,6200240325,Tasa de monolingüismo de la población de 5 años y más hablante de Náhuatl,2020,0.90834021469859,Porcentaje
3,Baja California Sur,0,ESTATAL,6200240326,Población de 5 años y más hablante de Lenguas zapotecas,2020,1290.0,Personas
3,Baja California Sur,0,ESTATAL,6200240328,Porcentaje de mujeres de 55 a 59 años,2020,2.1175300935685,Porcentaje
3,Baja California Sur,0,ESTATAL,6200240330,Porcentaje de hombres de 75 a 79 años,2020,0.501381189395989,Porcentaje
3,Baja California Sur,0,ESTATAL,6200240331,Población de 5 años y más hablante de Maya,2020,212.0,Personas
3,Baja California Sur,0,ESTATAL,6200240332,Población de 5 años y más hablante de Otomí,2020,105.0,Personas
3,Baja California Sur,0,ESTATAL,6200240334,Población de 5 años y más hablante de Tojolabal,2020,19.0,Personas
3,Baja California Sur,0,ESTATAL,6200240341,Porcentaje de mujeres de 40 a 44 años,2020,3.64948622271443,Porcentaje
3,Baja California Sur,0,ESTATAL,6200240342,Porcentaje de mujeres de 70 a 74 años,2020,0.802914655709441,Porcentaje
3,Baja California Sur,0,ESTATAL,6200240343,Porcentaje de hombres de 15 a 19 años,2020,4.25217560926498,Porcentaje
3,Baja California Sur,0,ESTATAL,6200240344,Porcentaje de mujeres de 85 años y más,2020,0.27825145827172,Porcentaje
3,Baja California Sur,0,ESTATAL,6200240345,Población de 5 años y más hablante de Mixe,2020,272.0,Personas
3,Baja California Sur,0,ESTATAL,6200240354,Porcentaje de mujeres de 10 a 14 años,2020,4.17943506522109,Porcentaje
3,Baja California Sur,0,ESTATAL,6200240356,Porcentaje de mujeres de 20 a 24 años,2020,4.06805897269713,Porcentaje
3,Baja California Sur,0,ESTATAL,6200240357,Porcentaje de hombres de 35 a 39 años,2020,4.18937711189836,Porcentaje
3,Baja California Sur,0,ESTATAL,6200240358,Porcentaje de la población de 0 a 14 años con limitación en la actividad,2020,4.18110863574774,Porcentaje
3,Baja California Sur,0,ESTATAL,6200240361,Población de 5 años y más hablante de Mazahua,2020,90.0,Personas
3,Baja California Sur,0,ESTATAL,6200240364,Tasa de monolingüismo de la población de 5 años y más hablante de Chatino,2020,0.0,Porcentaje
3,Baja California Sur,0,ESTATAL,6200240365,Porcentaje de la población de 15 años y más con instrucción superior,2020,23.1352250515436,Porcentaje
3,Baja California Sur,0,ESTATAL,6200240366,Tasa de monolingüismo de la población de 5 años y más hablante de Lenguas mixtecas,2020,2.32396808879639,Porcentaje
3,Baja California Sur,0,ESTATAL,6200240367,Porcentaje de la población con limitación para hablar o comunicarse,2020,5.36806215415572,Porcentaje
3,Baja California Sur,0,ESTATAL,6200240368,Porcentaje de la población de 15 años y más con instrucción no especificada,2020,0.250354780839157,Porcentaje
3,Baja California Sur,0,ESTATAL,6200240377,Porcentaje de mujeres de 45 a 49 años,2020,3.15288728361891,Porcentaje
3,Baja California Sur,0,ESTATAL,6200240378,Porcentaje de mujeres de 0 a 4 años,2020,3.89828908703066,Porcentaje
3,Baja California Sur,0,ESTATAL,6200240379,Porcentaje de mujeres de 80 a 84 años,2020,0.31650946067543,Porcentaje
3,Baja California Sur,0,ESTATAL,6200240381,Tasa de monolingüismo de la población de 5 años y más hablante de Tzotzil (Tsotsil),2020,0.89285714285714,Porcentaje
3,Baja California Sur,0,ESTATAL,6200240384,Porcentaje de mujeres de 15 a 19 años,2020,3.98701241497348,Porcentaje
3,Baja California Sur,0,ESTATAL,6200240386,Población de 5 años y más hablante de Lenguas mixtecas,2020,2883.0,Personas
3,Baja California Sur,0,ESTATAL,6200240388,Porcentaje de hombres de 65 a 69 años,2020,1.20651141133016,Porcentaje
3,Baja California Sur,0,ESTATAL,6200240389,Tasa de crecimiento promedio anual de las viviendas particulares habitadas,2020,3.1260476938912,Tasa
3,Baja California Sur,0,ESTATAL,6200240390,Porcentaje de la población con discapacidad por accidente,2020,12.0472682627379,Porcentaje
3,Baja California Sur,0,ESTATAL,6200240395,"Viviendas, de cada cien que cuentan con electricidad, agua y drenaje",2020,92.295640839245,Porcentaje
3,Baja California Sur,0,ESTATAL,6200240396,Porcentaje de la población de 30 a 59 años con limitación en la actividad,2020,13.9047280749313,Porcentaje
3,Baja California Sur,0,ESTATAL,6200240397,Tasa de monolingüismo de la población de 5 años y más hablante de Chol (Ch''ol),2020,0.0,Porcentaje
3,Baja California Sur,0,ESTATAL,6200240398,Tasa de monolingüismo de la población de 5 años y más hablante de Totonaca (Totonaco),2020,0.0,Porcentaje
3,Baja California Sur,0,ESTATAL,6200240407,Índice de envejecimiento,2020,38.3693727068352,Porcentaje
3,Baja California Sur,0,ESTATAL,6200240410,Porcentaje de hombres de 60 a 64 años,2020,1.68826020475582,Porcentaje
3,Baja California Sur,0,ESTATAL,6200240411,Porcentaje de hombres de 85 años y más,2020,0.209915618451935,Porcentaje
3,Baja California Sur,0,ESTATAL,6200240413,Tasa de monolingüismo de la población de 5 años y más hablante de Huasteco,2020,2.38095238095238,Porcentaje
3,Baja California Sur,0,ESTATAL,6200240414,"Porcentaje de la población derechohabiente en PEMEX, SDN o SM",2020,1.62199114018208,Porcentaje
3,Baja California Sur,0,ESTATAL,6200240416,Porcentaje de la población usuaria de servicios de salud en instituciones de servicios médicos privados,2020,1.8573394647369,Porcentaje
3,Baja California Sur,0,ESTATAL,6200240421,Porcentaje de la población derechohabiente en el ISSSTE,2020,15.6891354299361,Porcentaje
3,Baja California Sur,0,ESTATAL,6200240423,Porcentaje de hombres de 40 a 44 años,2020,3.82454175344983,Porcentaje
3,Baja California Sur,0,ESTATAL,6200240424,Tasa de monolingüismo de la población de 5 años y más hablante de Mixe,2020,1.47058823529411,Porcentaje
3,Baja California Sur,0,ESTATAL,6200240425,Porcentaje de hombres de 70 a 74 años,2020,0.775857186904185,Porcentaje
3,Baja California Sur,0,ESTATAL,6200240426,Porcentaje de mujeres de 60 a 64 años,2020,1.72161010816695,Porcentaje
3,Baja California Sur,0,ESTATAL,6200240427,Porcentaje de mujeres de 65 a 69 años,2020,1.2190962805419,Porcentaje
3,Baja California Sur,0,ESTATAL,6200240428,Tasa de monolingüismo de la población de 5 años y más hablante de Otomí,2020,0.0,Porcentaje
3,Baja California Sur,0,ESTATAL,6200240430,Porcentaje de la población con limitación para caminar y moverse,2020,26.24871166868,Porcentaje
3,Baja California Sur,0,ESTATAL,6200240431,Población de 5 años y más hablante de Purépecha (Tarasco),2020,108.0,Personas
3,Baja California Sur,0,ESTATAL,6200240432,Tasa de monolingüismo de la población de 5 años y más hablante de Zoque,2020,0.0,Porcentaje
3,Baja California Sur,0,ESTATAL,6200240433,Tasa de monolingüismo de la población de 5 años y más hablante de Lenguas zapotecas,2020,0.54263565891472,Porcentaje
3,Baja California Sur,0,ESTATAL,6200240434,Población de 5 años y más hablante de Chatino,2020,61.0,Personas
3,Baja California Sur,0,ESTATAL,6200240435,Porcentaje de la población con limitación para atender el cuidado personal,2020,3.95864040871965,Porcentaje
3,Baja California Sur,0,ESTATAL,6200240443,Porcentaje de mujeres de 35 a 39 años,2020,3.98160092121243,Porcentaje
3,Baja California Sur,0,ESTATAL,6200240444,Porcentaje de hombres de 55 a 59 años,2020,2.12747214024578,Porcentaje
3,Baja California Sur,0,ESTATAL,6200240445,Porcentaje de hombres de 5 a 9 años,2020,4.27407328169342,Porcentaje
3,Baja California Sur,0,ESTATAL,6200240447,Porcentaje de la población de 15 años y más sin instrucción,2020,3.20039092832088,Porcentaje
3,Baja California Sur,0,ESTATAL,6200240449,Tasa de monolingüismo de la población de 5 años y más hablante de lengua indígena,2020,1.16339384957391,Porcentaje
3,Baja California Sur,0,ESTATAL,6200240450,Porcentaje de la población con limitación para ver,2020,64.9773364511875,Porcentaje
3,Baja California Sur,0,ESTATAL,6200240451,Población de 5 años y más hablante de Tarahumara,2020,88.0,Personas
3,Baja California Sur,0,ESTATAL,6200240452,Población de 5 años y más hablante de Chol (Ch''ol),2020,22.0,Personas
3,Baja California Sur,0,ESTATAL,6200240453,Población de 5 años y más hablante de Totonaca (Totonaco),2020,67.0,Personas
3,Baja California Sur,0,ESTATAL,6200240454,Tasa de monolingüismo de la población de 5 años y más hablante de Mazahua,2020,0.0,Porcentaje
3,Baja California Sur,0,ESTATAL,6200240458,Porcentaje de la población con discapacidad por edad avanzada,2020,19.5334561080417,Porcentaje
3,Baja California Sur,0,ESTATAL,6200240459,Porcentaje de la población con discapacidad por nacimiento,2020,16.9766728054021,Porcentaje
3,Baja California Sur,0,ESTATAL,6200240466,Población de 5 años y más hablante de Tlapaneco,2020,294.0,Personas
3,Baja California Sur,0,ESTATAL,6200240471,Porcentaje de la población derechohabiente en el IMSS,2020,61.5633874498963,Porcentaje
3,Baja California Sur,0,ESTATAL,6200240475,Porcentaje de hombres de 80 a 84 años,2020,0.268561108978675,Porcentaje
3,Baja California Sur,0,ESTATAL,6200240477,Porcentaje de la población de 85 y más con limitación en la actividad,2020,27.2492910543955,Porcentaje
3,Baja California Sur,0,ESTATAL,6200240478,Porcentaje de la población con limitación para escuchar,2020,17.0868750900447,Porcentaje
3,Baja California Sur,0,ESTATAL,6200240479,Porcentaje de la población con limitación para poner atención o aprender,2020,20.101293318409,Porcentaje
3,Baja California Sur,0,ESTATAL,6200240480,Población de 5 años y más hablante de Huasteco,2020,42.0,Personas
3,Baja California Sur,0,ESTATAL,6200240481,Población de 5 años y más hablante de Tzotzil (Tsotsil),2020,112.0,Personas
3,Baja California Sur,0,ESTATAL,6200240486,Porcentaje de hombres de 25 a 29 años,2020,4.41049326394875,Porcentaje
3,Baja California Sur,0,ESTATAL,6200240488,Porcentaje de la población de 15 a 29 años con limitación en la actividad,2020,6.87279239838814,Porcentaje
3,Baja California Sur,0,ESTATAL,6200240493,Porcentaje de la población de 5 años y más hablante de lengua indígena,2020,1.84320152974117,Porcentaje
3,Baja California Sur,0,ESTATAL,6200240495,Porcentaje de la población con discapacidad por otra causa,2020,12.5230202578269,Porcentaje
3,Baja California Sur,0,ESTATAL,6200240496,Población de 5 años y más hablante de Náhuatl,2020,3633.0,Personas
3,Baja California Sur,0,ESTATAL,6200240497,Población no católica,2020,89135.0,Miles DE personas
3,Baja California Sur,0,ESTATAL,6200240499,Porcentaje de la población que profesa la religión protestante y evangélica,2020,11.0226477148765,Porcentaje
3,Baja California Sur,0,ESTATAL,6200240507,Porcentaje de mujeres de 50 a 54 años,2020,2.69655992600097,Porcentaje
3,Baja California Sur,0,ESTATAL,6200240509,Tasa de monolingüismo de la población de 5 años y más hablante de Tarahumara,2020,0.0,Porcentaje
3,Baja California Sur,0,ESTATAL,6200240518,Porcentaje de hombres de 30 a 34 años,2020,4.36103472794659,Porcentaje
3,Baja California Sur,0,ESTATAL,6200240520,Porcentaje de hombres de 20 a 24 años,2020,4.33146028529899,Porcentaje
3,Baja California Sur,0,ESTATAL,6200240521,Población de 5 años y más hablante de Zoque,2020,34.0,Personas
3,Baja California Sur,0,ESTATAL,6200240522,Tasa de monolingüismo de la población de 5 años y más hablante de Purépecha (Tarasco),2020,0.92592592592592,Porcentaje
3,Baja California Sur,0,ESTATAL,6200240532,Porcentaje de hombres de 45 a 49 años,2020,3.36242535599449,Porcentaje
3,Baja California Sur,0,ESTATAL,6200240533,Porcentaje de hombres de 50 a 54 años,2020,2.75734484429371,Porcentaje
3,Baja California Sur,0,ESTATAL,6200240534,Tasa de monolingüismo de la población de 5 años y más hablante de Resto de lenguas,2020,1.18861432593056,Porcentaje
3,Baja California Sur,0,ESTATAL,6200240535,Población de 5 años y más hablante de Mazateco,2020,517.0,Personas
3,Baja California Sur,0,ESTATAL,6200240536,Tasa de monolingüismo de la población de 5 años y más hablante de Tlapaneco,2020,0.34013605442176,Porcentaje
3,Baja California Sur,0,ESTATAL,6200240537,Tasa de monolingüismo de la población de 5 años y más hablante de Tzeltal (Tseltal),2020,0.0,Porcentaje
3,Baja California Sur,0,ESTATAL,6200240538,Población de 5 años y más hablante del Resto de lenguas,2020,3197.0,Personas
3,Baja California Sur,0,ESTATAL,6200240539,Tasa de monolingüismo de la población de 5 años y más hablante de Lenguas chinantecas,2020,0.0,Porcentaje
3,Baja California Sur,0,ESTATAL,6200240540,Porcentaje de la población con discapacidad por enfermedad,2020,44.5702885205648,Porcentaje
3,Baja California Sur,0,ESTATAL,6200240548,Porcentaje de mujeres de 25 a 29 años,2020,4.24764505634875,Porcentaje
3,Baja California Sur,0,ESTATAL,6200240549,Porcentaje de mujeres de 30 a 34 años,2020,4.16886377508322,Porcentaje
3,Baja California Sur,0,ESTATAL,6205370864,Porcentaje de población que se considera afrodescendiente,2020,3.2976515661027,Porcentaje
3,Baja California Sur,0,ESTATAL,6207019007,Porcentaje de la población de 12 años y más viuda,2020,3.40971856091989,Porcentaje
3,Baja California Sur,0,ESTATAL,6207019009,Porcentaje de la población de 12 años y más casada,2020,30.423539454194,Porcentaje
3,Baja California Sur,0,ESTATAL,6207019010,Porcentaje de población de 25 años y más alfabeta,2020,96.9798426956634,Porcentaje
3,Baja California Sur,0,ESTATAL,6207019011,Porcentaje de la población de 12 años y más soltera,2020,33.4789485576561,Porcentaje
3,Baja California Sur,0,ESTATAL,6207019012,Porcentaje de la población de 12 años y más separada,2020,5.69091913333835,Porcentaje
3,Baja California Sur,0,ESTATAL,6207019016,Porcentaje de la población de 12 años y más divorciada,2020,2.35165449022118,Porcentaje
3,Baja California Sur,0,ESTATAL,6207019017,Porcentaje de población afiliada a otra institución,2020,0.378846055393437,Porcentaje
3,Baja California Sur,0,ESTATAL,6207019018,Porcentaje de población afiliada a servicios de salud,2020,83.1767168014909,Porcentaje
3,Baja California Sur,0,ESTATAL,6207019019,Porcentaje de la población de 12 años y más en unión libre,2020,24.5501305515804,Porcentaje
3,Baja California Sur,0,ESTATAL,6207019020,Porcentaje de población de 15 años y más sin escolaridad,2020,2.94083192759793,Porcentaje
3,Baja California Sur,0,ESTATAL,6207019022,Porcentaje de viviendas particulares habitadas propias,2020,67.3317976611825,Porcentaje
3,Baja California Sur,0,ESTATAL,6207019023,Porcentaje de hijos fallecidos de las mujeres de 15 a 49 años,2020,3.19763557085984,Porcentaje
3,Baja California Sur,0,ESTATAL,6207019024,Porcentaje de la población de 3 a 5 años que asiste a la escuela,2020,62.8091296714322,Porcentaje
3,Baja California Sur,0,ESTATAL,6207019026,Porcentaje de la población de 6 a 11 años que asiste a la escuela,2020,96.30320585203,Porcentaje
3,Baja California Sur,0,ESTATAL,6207019028,Porcentaje de la población de 12 a 14 años que asiste a la escuela,2020,94.3085748792271,Porcentaje
3,Baja California Sur,0,ESTATAL,6207019029,Porcentaje de la población de 15 a 24 años que asiste a la escuela,2020,46.5615829122924,Porcentaje
3,Baja California Sur,0,ESTATAL,6207019030,Porcentaje de población de 12 años y más económicamente activa,2020,67.045768371369,Porcentaje
3,Baja California Sur,0,ESTATAL,6207019031,Porcentaje de población de 15 años y más con escolaridad básica,2020,44.5094318151391,Porcentaje
3,Baja California Sur,0,ESTATAL,6207019034,Porcentaje de población de 3 años y más hablante de lengua indígena,2020,1.79017243970147,Porcentaje
3,Baja California Sur,0,ESTATAL,6207019035,Porcentaje de la población de 12 años y más No Económicamente Activa,2020,32.5928610880972,Porcentaje
3,Baja California Sur,0,ESTATAL,6207019036,Promedio de hijos nacidos vivos de las mujeres de 15 a 49 años EI2015,2020,1.48876245981637,Promedio
3,Baja California Sur,0,ESTATAL,6207019039,Porcentaje de la población de 12 años y más económicamente activa ocupada,2020,98.4190694626474,Porcentaje
3,Baja California Sur,0,ESTATAL,6207019040,Porcentaje de la población femenina de 12 años y más económicamente activa,2020,40.7772420894964,Porcentaje
3,Baja California Sur,0,ESTATAL,6207019042,Porcentaje de viviendas particulares habitadas que disponen de Internet,2020,62.1341254522514,Porcentaje
3,Baja California Sur,0,ESTATAL,6207019043,Porcentaje de la población masculina de 12 años y más económicamente activa,2020,59.2227579105037,Porcentaje
3,Baja California Sur,0,ESTATAL,6207019046,Porcentaje de viviendas particulares habitadas que disponen de computadora,2020,45.5167573258466,Porcentaje
3,Baja California Sur,0,ESTATAL,6207019047,Porcentaje de la población de 12 años y más no económicamente activa que estudia,2020,40.3884205610626,Porcentaje
3,Baja California Sur,0,ESTATAL,6207019050,Porcentaje de viviendas particulares habitadas que disponen de teléfono fijo,2020,38.3317039747993,Porcentaje
3,Baja California Sur,0,ESTATAL,6207019051,Porcentaje de la población de 12 años y más sin especificar su situación conyugal,2020,0.0950892520900806,Porcentaje
3,Baja California Sur,0,ESTATAL,6207019054,Porcentaje de la población femenina de 12 años y más económicamente activa ocupada,2020,98.8348935046748,Porcentaje
3,Baja California Sur,0,ESTATAL,6207019055,Porcentaje de viviendas particulares habitadas que disponen de teléfono celular,2020,94.6352325804861,Porcentaje
3,Baja California Sur,0,ESTATAL,6207019056,Porcentaje de la población masculina de 12 años y más económicamente activa ocupada,2020,98.1327579461523,Porcentaje
3,Baja California Sur,0,ESTATAL,6207019057,Porcentaje de viviendas particulares habitadas que disponen de televisión de paga,2020,57.0434244938544,Porcentaje
3,Baja California Sur,0,ESTATAL,6207019058,Porcentaje de población de 3 años y más hablante de lengua indígena que no habla español,2020,1.19284294234592,Porcentaje
3,Baja California Sur,0,ESTATAL,6207019059,Porcentaje de población de 12 años con condición de actividad económica no especificada,2020,0.361370540533755,Porcentaje
3,Baja California Sur,0,ESTATAL,6207019060,Porcentaje de la población de 12 años y más no económicamente activa que es pensionada o jubilada,2020,11.1538517088483,Porcentaje
3,Baja California Sur,0,ESTATAL,6207019063,Porcentaje de superficie en el ámbito geográfico de referencia respecto a la unidad geográfica superior,2020,3.76964253822026,Porcentaje
3,Baja California Sur,0,ESTATAL,6207019064,Porcentaje de la población de 12 años y más no económicamente activa que se dedica a los quehaceres del hogar,2020,37.1710003707038,Porcentaje
3,Baja California Sur,0,ESTATAL,6207019065,Porcentaje de la población de 12 años y más no económicamente activa que realiza otras actividades no económicas,2020,8.28595225142384,Porcentaje
3,Baja California Sur,0,ESTATAL,6207019070,Porcentaje de la población de 12 años y más no económicamente activa con alguna limitación física o mental que les impide trabajar,2020,3.00077510796147,Porcentaje
3,Baja California Sur,0,ESTATAL,6207020032,Porcentaje de hombres,2020,50.8335556398859,Porcentaje
3,Baja California Sur,0,ESTATAL,6207020033,Porcentaje de mujeres,2020,49.1664443601141,Porcentaje
3,Baja California Sur,0,ESTATAL,6207020035,Promedio de ocupantes por cuarto (Índice de hacinamiento),2020,1.01109630290311,Promedio
3,Baja California Sur,0,ESTATAL,6207049066,Población de 6 a 14 años que sabe leer y escribir,2020,107786.0,Porcentaje
3,Baja California Sur,0,ESTATAL,6207049067,Población de 6 a 14 años que no sabe leer y escribir,2020,12780.0,Porcentaje
3,Baja California Sur,0,ESTATAL,6207049068,Porcentaje de la población de 3 años y más que asiste a la escuela,2020,28.0970470920408,Porcentaje
3,Baja California Sur,0,ESTATAL,6207049069,Porcentaje de la población de 3 años y más que no asiste a la escuela,2020,71.7793109266294,Porcentaje
3,Baja California Sur,0,ESTATAL,6207049070,Población de 6 a 14 años que no especificó si sabe o no leer y escribir,2020,654.0,Porcentaje
3,Baja California Sur,0,ESTATAL,6207049071,Porcentaje de la población de 3 años y más que no especificó si asiste o no a la escuela,2020,0.123641981329797,Porcentaje
3,Baja California Sur,0,ESTATAL,6207051593,Porcentaje de población de 6 a 14 años que no asiste a la escuela,2020,4.231975,Porcentaje
3,Baja California Sur,0,ESTATAL,6207068394,Porcentaje de viviendas con agua entubada dentro de la vivienda,2020,82.2909616557625,Porcentaje
3,Baja California Sur,0,ESTATAL,6207129629,Porcentaje de la población nacional/estatal que representa,2020,0.633617572596523,Porcentaje
3,Baja California Sur,0,ESTATAL,6207129630,Promedio de ocupantes por dormitorio,2020,1.7329627051744,Promedio
3,Baja California Sur,0,ESTATAL,6207129631,Porcentaje de viviendas particulares habitadas que disponen de tinaco,2020,81.7641357297437,Porcentaje
3,Baja California Sur,0,ESTATAL,6207129632,Porcentaje de viviendas particulares habitadas que disponen de cisterna o aljibe,2020,27.0043198890365,Porcentaje
3,Baja California Sur,0,ESTATAL,6207129635,Porcentaje de viviendas particulares habitadas que disponen de Automóvil o camioneta,2020,67.394864596128,Porcentaje
3,Baja California Sur,0,ESTATAL,6207129636,Porcentaje de viviendas particulares habitadas que disponen de motocicleta o motoneta,2020,7.56147695084351,Porcentaje
3,Baja California Sur,0,ESTATAL,6207129637,Porcentaje de viviendas particulares habitadas que disponen de bicicleta como medio de transporte,2020,11.8867971824631,Porcentaje
3,Baja California Sur,0,ESTATAL,6207129638,Porcentaje de la población con algún tipo de  discapacidad,2020,4.43147760590246,Porcentaje
3,Baja California Sur,0,ESTATAL,6207129639,Porcentaje de la población entre 0 y 17 años con algún tipo de  discapacidad,2020,2.04032472773836,Porcentaje
3,Baja California Sur,0,ESTATAL,6207129640,Porcentaje de la población entre 18 y 29 años con algún tipo de  discapacidad,2020,1.8633001722066,Porcentaje
3,Baja California Sur,0,ESTATAL,6207129641,Porcentaje de la población entre 30 y 59 años con algún tipo de  discapacidad,2020,3.77086877675784,Porcentaje
3,Baja California Sur,0,ESTATAL,6207129642,Porcentaje de la población de 60 años y más con algún tipo de  discapacidad,2020,20.4264099037139,Porcentaje
3,Baja California Sur,0,ESTATAL,6207129643,Porcentaje de la población de 5 y más años migrante según causa: Trabajo,2020,50.0728141201142,Porcentaje
3,Baja California Sur,0,ESTATAL,6207129644,Porcentaje de la población de 5 y más años migrante según causa: Familiar,2020,37.0315139511854,Porcentaje
3,Baja California Sur,0,ESTATAL,6207129645,Porcentaje de la población de 5 y más años migrante según causa: Educativa,2020,4.75563581289684,Porcentaje
3,Baja California Sur,0,ESTATAL,6207129646,Porcentaje de la población de 5 y más años migrante según causa: Inseguridad delictiva o violencia,2020,2.96965107473641,Porcentaje
3,Baja California Sur,0,ESTATAL,6207129647,Porcentaje de la población de 5 y más años migrante según causa: Otra causa,2020,3.50789305062038,Porcentaje
3,Baja California Sur,0,ESTATAL,6207129648,Promedio de hijos nacidos vivos por grupo de edad: 15-19,2020,0.110938736742124,Promedio
3,Baja California Sur,0,ESTATAL,6207129649,Promedio de hijos nacidos vivos por grupo de edad: 20-24,2020,0.642970082157805,Promedio
3,Baja California Sur,0,ESTATAL,6207129650,Promedio de hijos nacidos vivos por grupo de edad: 25-29,2020,1.24181823576536,Promedio
3,Baja California Sur,0,ESTATAL,6207129651,Promedio de hijos nacidos vivos por grupo de edad: 30-34,2020,1.75417170495768,Promedio
3,Baja California Sur,0,ESTATAL,6207129652,Promedio de hijos nacidos vivos por grupo de edad: 35-39,2020,2.11297110850922,Promedio
3,Baja California Sur,0,ESTATAL,6207129653,Promedio de hijos nacidos vivos por grupo de edad: 40-44,2020,2.36881735285991,Promedio
3,Baja California Sur,0,ESTATAL,6207129654,Promedio de hijos nacidos vivos por grupo de edad: 45-49,2020,2.49350493624845,Promedio
3,Baja California Sur,0,ESTATAL,6207129812,Porcentaje de viviendas particulares habitadas que disponen de refrigerador,2020,91.8310647649128,Porcentaje
3,Baja California Sur,0,ESTATAL,6207129813,Porcentaje de viviendas particulares habitadas que disponen de lavadora,2020,68.5308199433484,Porcentaje
3,Baja California Sur,0,ESTATAL,6207129818,Porcentaje de la población derechohabiente en Instituto de Salud para el Bienestar (IMSS-PROSPERA o IMSS-BIENESTAR),2020,0.538455283818335,Porcentaje
3,Baja California Sur,0,ESTATAL,6207129822,Ubicación geográfica con la mayor cantidad de pobladores. Primer lugar,2020,30080000.0,No aplica
3,Baja California Sur,0,ESTATAL,6207129825,Población de la ubicación geográfica con la mayor cantidad de pobladores. Primer lugar,2020,351111.0,Personas
3,Baja California Sur,0,ESTATAL,6207129828,Lengua indígena más frecuente. Descripción. Primer lugar,2020,211.0,No aplica
3,Baja California Sur,0,ESTATAL,6207129830,Lengua indígena más frecuente. Porcentaje. Primer lugar,2020,29.6122018497485,Porcentaje
3,Baja California Sur,0,ESTATAL,6207129840,Total de áreas geográficas,2020,5.0,Municipios
3,Baja California Sur,0,ESTATAL,6207133068,Población que se considera afrodescendiente,2020,26330.0,Absolutos
3,Baja California Sur,1,Comondú,1001000001,Superficie continental,2020,18318.59386889,Kilómetros cuadrados
3,Baja California Sur,1,Comondú,1002000001,Población total,2020,73021.0,Personas
3,Baja California Sur,1,Comondú,1002000002,Población total hombres,2020,36804.0,Personas
3,Baja California Sur,1,Comondú,1002000003,Población total mujeres,2020,36217.0,Personas
3,Baja California Sur,1,Comondú,1002000004,Porcentaje de población de 15 a 29 años,2020,23.0665935872842,Porcentaje
3,Baja California Sur,1,Comondú,1002000005,Porcentaje de hombres de 15 a 29 años,2020,23.7413005654632,Porcentaje
3,Baja California Sur,1,Comondú,1002000006,Porcentaje de mujeres de 15 a 29 años,2020,22.3809260691789,Porcentaje
3,Baja California Sur,1,Comondú,1002000007,Porcentaje de población de 60 y más años,2020,13.221430528912,Porcentaje
3,Baja California Sur,1,Comondú,1002000008,Porcentaje de hombres de 60 y más años,2020,12.8534145280557,Porcentaje
3,Baja California Sur,1,Comondú,1002000009,Porcentaje de mujeres de 60 y más años,2020,13.5954249088297,Porcentaje
3,Baja California Sur,1,Comondú,1002000010,Edad mediana,2020,31.0,Años
3,Baja California Sur,1,Comondú,1002000011,Edad mediana hombres,2020,31.0,Años
3,Baja California Sur,1,Comondú,1002000012,Edad mediana mujeres,2020,32.0,Años
3,Baja California Sur,1,Comondú,1002000013,Promedio de hijos nacidos vivos de las mujeres de 12 años y más,2020,2.27049376388177,Promedio
3,Baja California Sur,1,Comondú,1002000014,Población en hogares censales,2020,72358.0,Personas
3,Baja California Sur,1,Comondú,1002000015,Población en hogares familiares,2020,68997.0,Personas
3,Baja California Sur,1,Comondú,1002000016,Población en hogares no familiares,2020,3319.0,Personas
3,Baja California Sur,1,Comondú,1002000018,Hogares censales,2020,22216.0,Hogares
3,Baja California Sur,1,Comondú,1002000019,Hogares con jefatura masculina,2020,15033.0,Hogares
3,Baja California Sur,1,Comondú,1002000020,Hogares con jefatura femenina,2020,7183.0,Hogares
3,Baja California Sur,1,Comondú,1002000021,Tamaño promedio de los hogares censales,2020,3.25702196615052,Personas
3,Baja California Sur,1,Comondú,1002000022,Tamaño promedio de los hogares con jefe hombre,2020,3.33526242267013,Personas
3,Baja California Sur,1,Comondú,1002000023,Tamaño promedio de los hogares con jefe mujer,2020,3.09327579005986,Personas
3,Baja California Sur,1,Comondú,1002000024,Relación hombres-mujeres,2020,101.620785818814,Hombres por cada 100 mujeres
3,Baja California Sur,1,Comondú,1002000041,Porcentaje de personas de 15 años y más alfabetas,2020,95.7511600928074,Porcentaje
3,Baja California Sur,1,Comondú,1002000050,Tasa de alfabetización de las personas de 15 a 24 años,2020,98.8493991306571,Tasa
3,Baja California Sur,1,Comondú,1002000055,Población de edad no especificada,2020,41.0,Personas
3,Baja California Sur,1,Comondú,1002000056,Población de edad no especificada. Hombres,2020,20.0,Personas
3,Baja California Sur,1,Comondú,1002000057,Población de edad no especificada. Mujeres,2020,21.0,Personas
3,Baja California Sur,1,Comondú,1002000058,Población de 0 a 4 años,2020,5341.0,Personas
3,Baja California Sur,1,Comondú,1002000059,Población de 0 a 4 años. Hombres,2020,2642.0,Personas
3,Baja California Sur,1,Comondú,1002000060,Población de 0 a 4 años. Mujeres,2020,2699.0,Personas
3,Baja California Sur,1,Comondú,1002000061,Población de 10 a 14 años,2020,6445.0,Personas
3,Baja California Sur,1,Comondú,1002000062,Población de 10 a 14 años. Hombres,2020,3323.0,Personas
3,Baja California Sur,1,Comondú,1002000063,Población de 10 a 14 años. Mujeres,2020,3122.0,Personas
3,Baja California Sur,1,Comondú,1002000064,Población de 100 años y más,2020,8.0,Personas
3,Baja California Sur,1,Comondú,1002000065,Población de 100 años y más. Hombres,2020,3.0,Personas
3,Baja California Sur,1,Comondú,1002000066,Población de 100 años y más. Mujeres,2020,5.0,Personas
3,Baja California Sur,1,Comondú,1002000067,Población de 15 a 19 años,2020,6347.0,Personas
3,Baja California Sur,1,Comondú,1002000068,Población de 15 a 19 años. Hombres,2020,3315.0,Personas
3,Baja California Sur,1,Comondú,1002000069,Población de 15 a 19 años. Mujeres,2020,3032.0,Personas
3,Baja California Sur,1,Comondú,1002000070,Población de 20 a 24 años,2020,5386.0,Personas
3,Baja California Sur,1,Comondú,1002000071,Población de 20 a 24 años. Hombres,2020,2809.0,Personas
3,Baja California Sur,1,Comondú,1002000072,Población de 20 a 24 años. Mujeres,2020,2577.0,Personas
3,Baja California Sur,1,Comondú,1002000073,Población de 25 a 29 años,2020,5101.0,Personas
3,Baja California Sur,1,Comondú,1002000074,Población de 25 a 29 años. Hombres,2020,2609.0,Personas
3,Baja California Sur,1,Comondú,1002000075,Población de 25 a 29 años. Mujeres,2020,2492.0,Personas
3,Baja California Sur,1,Comondú,1002000076,Población de 30 a 34 años,2020,5183.0,Personas
3,Baja California Sur,1,Comondú,1002000077,Población de 30 a 34 años. Hombres,2020,2539.0,Personas
3,Baja California Sur,1,Comondú,1002000078,Población de 30 a 34 años. Mujeres,2020,2644.0,Personas
3,Baja California Sur,1,Comondú,1002000079,Población de 35 a 39 años,2020,5157.0,Personas
3,Baja California Sur,1,Comondú,1002000080,Población de 35 a 39 años. Hombres,2020,2592.0,Personas
3,Baja California Sur,1,Comondú,1002000081,Población de 35 a 39 años. Mujeres,2020,2565.0,Personas
3,Baja California Sur,1,Comondú,1002000082,Población de 40 a 44 años,2020,5267.0,Personas
3,Baja California Sur,1,Comondú,1002000083,Población de 40 a 44 años. Hombres,2020,2630.0,Personas
3,Baja California Sur,1,Comondú,1002000084,Población de 40 a 44 años. Mujeres,2020,2637.0,Personas
3,Baja California Sur,1,Comondú,1002000085,Población de 45 a 49 años,2020,4912.0,Personas
3,Baja California Sur,1,Comondú,1002000086,Población de 45 a 49 años. Hombres,2020,2496.0,Personas
3,Baja California Sur,1,Comondú,1002000087,Población de 45 a 49 años. Mujeres,2020,2416.0,Personas
3,Baja California Sur,1,Comondú,1002000088,Población de 5 a 9 años,2020,6026.0,Personas
3,Baja California Sur,1,Comondú,1002000089,Población de 5 a 9 años. Hombres,2020,3025.0,Personas
3,Baja California Sur,1,Comondú,1002000090,Población de 5 a 9 años. Mujeres,2020,3001.0,Personas
3,Baja California Sur,1,Comondú,1002000091,Población de 50 a 54 años,2020,4333.0,Personas
3,Baja California Sur,1,Comondú,1002000092,Población de 50 a 54 años. Hombres,2020,2152.0,Personas
3,Baja California Sur,1,Comondú,1002000093,Población de 50 a 54 años. Mujeres,2020,2181.0,Personas
3,Baja California Sur,1,Comondú,1002000094,Población de 55 a 59 años,2020,3833.0,Personas
3,Baja California Sur,1,Comondú,1002000095,Población de 55 a 59 años. Hombres,2020,1924.0,Número de personas
3,Baja California Sur,1,Comondú,1002000096,Población de 55 a 59 años. Mujeres,2020,1909.0,Número de personas
3,Baja California Sur,1,Comondú,1002000097,Población de 60 a 64 años,2020,3200.0,Personas
3,Baja California Sur,1,Comondú,1002000098,Población de 60 a 64 años. Hombres,2020,1552.0,Número de personas
3,Baja California Sur,1,Comondú,1002000099,Población de 60 a 64 años. Mujeres,2020,1648.0,Número de personas
3,Baja California Sur,1,Comondú,1002000100,Población de 65 a 69 años,2020,2358.0,Personas
3,Baja California Sur,1,Comondú,1002000101,Población de 65 a 69 años. Hombres,2020,1184.0,Número de personas
3,Baja California Sur,1,Comondú,1002000102,Población de 65 a 69 años. Mujeres,2020,1174.0,Número de personas
3,Baja California Sur,1,Comondú,1002000103,Población de 70 a 74 años,2020,1633.0,Personas
3,Baja California Sur,1,Comondú,1002000104,Población de 70 a 74 años. Hombres,2020,805.0,Número de personas
3,Baja California Sur,1,Comondú,1002000105,Población de 70 a 74 años. Mujeres,2020,828.0,Número de personas
3,Baja California Sur,1,Comondú,1002000106,Población de 75 a 79 años,2020,1132.0,Personas
3,Baja California Sur,1,Comondú,1002000107,Población de 75 a 79 años. Hombres,2020,556.0,Número de personas
3,Baja California Sur,1,Comondú,1002000108,Población de 75 a 79 años. Mujeres,2020,576.0,Número de personas
3,Baja California Sur,1,Comondú,1002000109,Población de 80 a 84 años,2020,757.0,Personas
3,Baja California Sur,1,Comondú,1002000110,Población de 80 a 84 años. Hombres,2020,372.0,Número de personas
3,Baja California Sur,1,Comondú,1002000111,Población de 80 a 84 años. Mujeres,2020,385.0,Número de personas
3,Baja California Sur,1,Comondú,1002000112,Población de 85 a 89 años,2020,364.0,Personas
3,Baja California Sur,1,Comondú,1002000113,Población de 85 a 89 años. Hombres,2020,178.0,Número de personas
3,Baja California Sur,1,Comondú,1002000114,Población de 85 a 89 años. Mujeres,2020,186.0,Número de personas
3,Baja California Sur,1,Comondú,1002000115,Población de 90 a 94 años,2020,148.0,Personas
3,Baja California Sur,1,Comondú,1002000116,Población de 90 a 94 años. Hombres,2020,61.0,Número de personas
3,Baja California Sur,1,Comondú,1002000117,Población de 90 a 94 años. Mujeres,2020,87.0,Número de personas
3,Baja California Sur,1,Comondú,1002000118,Población de 95 a 99 años,2020,49.0,Personas
3,Baja California Sur,1,Comondú,1002000119,Población de 95 a 99 años. Hombres,2020,17.0,Número de personas
3,Baja California Sur,1,Comondú,1002000120,Población de 95 a 99 años. Mujeres,2020,32.0,Número de personas
3,Baja California Sur,1,Comondú,1002000127,Relación de dependencia,2020,49.797820152302,Personas dependientes por cada 100 personas en edad de trabajar
3,Baja California Sur,1,Comondú,1003000001,Total de viviendas particulares habitadas,2020,22216.0,Viviendas
3,Baja California Sur,1,Comondú,1003000011,Viviendas particulares habitadas,2020,22001.0,Número de Viviendas
3,Baja California Sur,1,Comondú,1003000015,Promedio de ocupantes en viviendas particulares habitadas,2020,3.26001809136137,Promedio
3,Baja California Sur,1,Comondú,1003000017,Viviendas particulares habitadas que disponen de energía eléctrica,2020,21738.0,Viviendas
3,Baja California Sur,1,Comondú,1003000018,Viviendas particulares habitadas que disponen de agua de la red pública en el ámbito de la vivienda,2020,21674.0,Viviendas
3,Baja California Sur,1,Comondú,1003000019,Viviendas particulares habitadas que disponen de drenaje,2020,21152.0,Viviendas
3,Baja California Sur,1,Comondú,1003000020,Viviendas particulares habitadas que disponen de excusado o sanitario,2020,21896.0,Viviendas
3,Baja California Sur,1,Comondú,1003000023,Viviendas particulares habitadas que disponen de lavadora,2020,15934.0,Viviendas
3,Baja California Sur,1,Comondú,1003000024,Viviendas particulares habitadas que disponen de computadora,2020,7442.0,Viviendas
3,Baja California Sur,1,Comondú,1004000001,Población derechohabiente a servicios de salud,2020,64371.0,Personas
3,Baja California Sur,1,Comondú,1005000012,Población de 5 años y más que asiste a la escuela,2020,18545.0,Personas
3,Baja California Sur,1,Comondú,1005000038,Grado promedio de escolaridad de la población de 15 y más años,2020,9.2706160276213,Años de escolaridad
3,Baja California Sur,1,Comondú,1005000039,Población de 5 años y más hablante de lengua indígena,2020,832.0,Personas
3,Baja California Sur,1,Comondú,3104003001,Porcentaje de población inmigrante (migración reciente),2020,2.71422628951747,Porcentaje
3,Baja California Sur,1,Comondú,3105001001,Densidad de población,2020,3.98616839931201,Habitantes por kilómetro cuadrado
3,Baja California Sur,1,Comondú,3105004001,Porcentaje de población en localidades de menos de 2 500 habitantes,2020,19.639555744238,Porcentaje
3,Baja California Sur,1,Comondú,3108001001,Porcentaje de analfabetas total,2020,4.07663863109049,Porcentaje
3,Baja California Sur,1,Comondú,3108001002,Porcentaje de analfabetas hombres,2020,4.10520256170396,Porcentaje
3,Baja California Sur,1,Comondú,3108001003,Porcentaje de analfabetas mujeres,2020,4.0476364433404,Porcentaje
3,Baja California Sur,1,Comondú,3114004001,Porcentaje de viviendas con piso de tierra,2020,3.13432835820895,Porcentaje
3,Baja California Sur,1,Comondú,3114006001,Porcentaje de viviendas con electricidad,2020,98.3175033921303,Porcentaje
3,Baja California Sur,1,Comondú,6200031290,Porcentaje de viviendas particulares habitadas con disponibilidad de drenaje,2020,95.667118950701,Porcentaje
3,Baja California Sur,1,Comondú,6200031291,Porcentaje de viviendas particulares habitadas con disponibilidad de excusado,2020,99.0321121664405,Porcentaje
3,Baja California Sur,1,Comondú,6200108938,Porcentaje de viviendas con techos de materiales resistentes,2020,67.8753899715151,Porcentaje
3,Baja California Sur,1,Comondú,6200205238,Población de 8 a 14 años que sabe leer y escribir,2020,8657.0,Personas
3,Baja California Sur,1,Comondú,6200205244,Viviendas que son cuarto de azotea,2020,0.0,Viviendas
3,Baja California Sur,1,Comondú,6200205245,Viviendas móviles,2020,25.0,Viviendas
3,Baja California Sur,1,Comondú,6200205246,Viviendas que son departamento en edificio o vivienda en vecindad,2020,227.0,Viviendas
3,Baja California Sur,1,Comondú,6200205247,Viviendas que son refugio,2020,9.0,Viviendas
3,Baja California Sur,1,Comondú,6200205248,Viviendas colectivas,2020,26.0,Viviendas
3,Baja California Sur,1,Comondú,6200205249,Viviendas que son casa independiente o local no construido para habitación,2020,19881.0,Viviendas
3,Baja California Sur,1,Comondú,6200205251,Promedio de hijos nacidos vivos de las mujeres de 12 años y más casada sólo religiosamente,2020,3.0228013029316,Promedio
3,Baja California Sur,1,Comondú,6200205252,Población de 5 años y más inmigrante,2020,2806.0,Personas
3,Baja California Sur,1,Comondú,6200205253,Población total sin limitación en la actividad,2020,58836.0,Personas
3,Baja California Sur,1,Comondú,6200205254,Población total que no especificó limitación en la actividad,2020,71.0,Personas
3,Baja California Sur,1,Comondú,6200205255,Porcentaje de la población migrante internacional destino otro país,2020,18.3544303797468,Porcentaje
3,Baja California Sur,1,Comondú,6200205256,Población de 5 años y más con religión no especificada,2020,40.0,Personas
3,Baja California Sur,1,Comondú,6200205257,Población de 5 años y más católica,2020,55097.0,Personas
3,Baja California Sur,1,Comondú,6200205258,Promedio de hijos nacidos vivos de las mujeres de 12 años y más solteras,2020,0.365749235474006,Promedio
3,Baja California Sur,1,Comondú,6200205259,Población nacida en otro país residente en México,2020,310.0,Personas
3,Baja California Sur,1,Comondú,6200205260,Población con limitación en la actividad para escuchar,2020,1764.0,Personas
3,Baja California Sur,1,Comondú,6200205261,Población con limitación en la actividad para hablar o comunicarse,2020,575.0,Personas
3,Baja California Sur,1,Comondú,6200205263,Población con limitación en la actividad para caminar o moverse,2020,2593.0,Personas
3,Baja California Sur,1,Comondú,6200205264,Porcentaje de la población migrante internacional destino no especificado,2020,10.126582278481,Porcentaje
3,Baja California Sur,1,Comondú,6200205265,Promedio de hijos nacidos vivos de las mujeres de 12 años y más que no especificó estado conyugal,2020,5.0,Promedio
3,Baja California Sur,1,Comondú,6200205266,Promedio de hijos nacidos vivos de las mujeres de 12 años y más casada civil y religiosamente,2020,3.25912796880539,Promedio
3,Baja California Sur,1,Comondú,6200205267,Promedio de hijos nacidos vivos de las mujeres de 12 años y más separadas,2020,2.73586844809866,Promedio
3,Baja California Sur,1,Comondú,6200205268,Población nacida en otro país residente en México hombres,2020,167.0,Personas
3,Baja California Sur,1,Comondú,6200205269,Población con limitación en la actividad para atender el cuidado personal,2020,452.0,Personas
3,Baja California Sur,1,Comondú,6200205270,Población con limitación en la actividad para poner atención o aprender,2020,1907.0,Personas
3,Baja California Sur,1,Comondú,6200205271,Población con limitación en la actividad,2020,9169.0,Personas
3,Baja California Sur,1,Comondú,6200205272,Porcentaje de población nacida en otro país residente en México,2020,0.424535407622465,Porcentaje
3,Baja California Sur,1,Comondú,6200205273,Población de 5 años y más con religión distinta de católica,2020,7481.0,Personas
3,Baja California Sur,1,Comondú,6200205274,Porcentaje de población masculina nacida en otro país residente en México,2020,0.45375502662754,Porcentaje
3,Baja California Sur,1,Comondú,6200205275,Promedio de hijos nacidos vivos de las mujeres de 12 años y más divorciadas,2020,2.84770889487871,Promedio
3,Baja California Sur,1,Comondú,6200205276,Promedio de hijos nacidos vivos de las mujeres de 12 años y más en unión libre,2020,2.2786231348796,Promedio
3,Baja California Sur,1,Comondú,6200205277,Población de 5 años y más emigrante,2020,3320.0,Personas
3,Baja California Sur,1,Comondú,6200205279,Promedio de hijos nacidos vivos de las mujeres de 12 años y más casada sólo por lo civil,2020,2.69599327542729,Promedio
3,Baja California Sur,1,Comondú,6200205280,Población con limitación en la actividad para ver,2020,5921.0,Personas
3,Baja California Sur,1,Comondú,6200205282,Porcentaje de población femenina nacida en otro país residente en México,2020,0.394842201176243,Porcentaje
3,Baja California Sur,1,Comondú,6200205283,Promedio de hijos nacidos vivos de las mujeres de 12 años y más viudas,2020,5.5120681495504,Promedio
3,Baja California Sur,1,Comondú,6200205284,Población nacida en otro país residente en México mujeres,2020,143.0,Personas
3,Baja California Sur,1,Comondú,6200205285,Porcentaje de la población migrante internacional destino Estados Unidos de América,2020,71.5189873417722,Porcentaje
3,Baja California Sur,1,Comondú,6200205286,Población con limitación en la actividad mental,2020,958.0,Personas
3,Baja California Sur,1,Comondú,6200205288,Índice de masculinidad de la población nacida en otro país residente en México,2020,116.783216783217,Índice
3,Baja California Sur,1,Comondú,6200205289,Población de 5 años y más sin religión,2020,5021.0,Personas
3,Baja California Sur,1,Comondú,6200240300,Porcentaje de hombres de 0 a 4 años,2020,3.62016990956426,Porcentaje
3,Baja California Sur,1,Comondú,6200240301,Población católica,2020,59.273,Miles DE personas
3,Baja California Sur,1,Comondú,6200240302,Porcentaje de la población de 60 a 84 años con limitación en la actividad,2020,32.9074889867841,Porcentaje
3,Baja California Sur,1,Comondú,6200240304,Tasa de monolingüismo de la población de 5 años y más hablante de Tojolabal,2020,0.0,Porcentaje
3,Baja California Sur,1,Comondú,6200240305,Porcentaje de la población que profesa la religión católica,2020,81.1725394064721,Porcentaje
3,Baja California Sur,1,Comondú,6200240310,Porcentaje de mujeres de 75 a 79 años,2020,0.789257330775555,Porcentaje
3,Baja California Sur,1,Comondú,6200240311,Porcentaje de hombres de 10 a 14 años,2020,4.55330227459578,Porcentaje
3,Baja California Sur,1,Comondú,6200240312,Porcentaje de mujeres de 5 a 9 años,2020,4.1120855028775,Porcentaje
3,Baja California Sur,1,Comondú,6200240314,Porcentaje de la población de 15 años y más con instrucción media superior,2020,28.9932569605568,Porcentaje
3,Baja California Sur,1,Comondú,6200240315,Porcentaje de la población con limitación mental,2020,1.37052932761087,Porcentaje
3,Baja California Sur,1,Comondú,6200240316,Tasa de monolingüismo de la población de 5 años y más hablante de Maya,2020,0.0,Porcentaje
3,Baja California Sur,1,Comondú,6200240318,Población de 5 años y más hablante de Tzeltal  (Tseltal),2020,6.0,Personas
3,Baja California Sur,1,Comondú,6200240319,Tasa de monolingüismo de la población de 5 años y más hablante de Mazateco,2020,4.16666666666666,Porcentaje
3,Baja California Sur,1,Comondú,6200240320,Población de 5 años y más hablante de Lenguas chinantecas,2020,2.0,Personas
3,Baja California Sur,1,Comondú,6200240323,Porcentaje de la población derechohabiente en el Seguro popular,2020,34.7951717388265,Porcentaje
3,Baja California Sur,1,Comondú,6200240325,Tasa de monolingüismo de la población de 5 años y más hablante de Náhuatl,2020,4.04624277456647,Porcentaje
3,Baja California Sur,1,Comondú,6200240326,Población de 5 años y más hablante de Lenguas zapotecas,2020,56.0,Personas
3,Baja California Sur,1,Comondú,6200240328,Porcentaje de mujeres de 55 a 59 años,2020,2.61578514661551,Porcentaje
3,Baja California Sur,1,Comondú,6200240330,Porcentaje de hombres de 75 a 79 años,2020,0.761852562345848,Porcentaje
3,Baja California Sur,1,Comondú,6200240331,Población de 5 años y más hablante de Maya,2020,4.0,Personas
3,Baja California Sur,1,Comondú,6200240332,Población de 5 años y más hablante de Otomí,2020,1.0,Personas
3,Baja California Sur,1,Comondú,6200240334,Población de 5 años y más hablante de Tojolabal,2020,1.0,Personas
3,Baja California Sur,1,Comondú,6200240341,Porcentaje de mujeres de 40 a 44 años,2020,3.61331871745684,Porcentaje
3,Baja California Sur,1,Comondú,6200240342,Porcentaje de mujeres de 70 a 74 años,2020,1.13455741298986,Porcentaje
3,Baja California Sur,1,Comondú,6200240343,Porcentaje de hombres de 15 a 19 años,2020,4.5423403672239,Porcentaje
3,Baja California Sur,1,Comondú,6200240344,Porcentaje de mujeres de 85 años y más,2020,0.424773910660455,Porcentaje
3,Baja California Sur,1,Comondú,6200240345,Población de 5 años y más hablante de Mixe,2020,20.0,Personas
3,Baja California Sur,1,Comondú,6200240354,Porcentaje de mujeres de 10 a 14 años,2020,4.27788435187723,Porcentaje
3,Baja California Sur,1,Comondú,6200240356,Porcentaje de mujeres de 20 a 24 años,2020,3.53110441216772,Porcentaje
3,Baja California Sur,1,Comondú,6200240357,Porcentaje de hombres de 35 a 39 años,2020,3.55165798849,Porcentaje
3,Baja California Sur,1,Comondú,6200240358,Porcentaje de la población de 0 a 14 años con limitación en la actividad,2020,4.3341567482596,Porcentaje
3,Baja California Sur,1,Comondú,6200240361,Población de 5 años y más hablante de Mazahua,2020,0.0,Personas
3,Baja California Sur,1,Comondú,6200240364,Tasa de monolingüismo de la población de 5 años y más hablante de Chatino,2020,0.0,Porcentaje
3,Baja California Sur,1,Comondú,6200240365,Porcentaje de la población de 15 años y más con instrucción superior,2020,15.8443300464037,Porcentaje
3,Baja California Sur,1,Comondú,6200240366,Tasa de monolingüismo de la población de 5 años y más hablante de Lenguas mixtecas,2020,5.98503740648379,Porcentaje
3,Baja California Sur,1,Comondú,6200240367,Porcentaje de la población con limitación para hablar o comunicarse,2020,5.7660626029654,Porcentaje
3,Baja California Sur,1,Comondú,6200240368,Porcentaje de la población de 15 años y más con instrucción no especificada,2020,0.174013921113689,Porcentaje
3,Baja California Sur,1,Comondú,6200240377,Porcentaje de mujeres de 45 a 49 años,2020,3.31049602630858,Porcentaje
3,Baja California Sur,1,Comondú,6200240378,Porcentaje de mujeres de 0 a 4 años,2020,3.69827349958893,Porcentaje
3,Baja California Sur,1,Comondú,6200240379,Porcentaje de mujeres de 80 a 84 años,2020,0.527541792271855,Porcentaje
3,Baja California Sur,1,Comondú,6200240381,Tasa de monolingüismo de la población de 5 años y más hablante de Tzotzil (Tsotsil),2020,0.0,Porcentaje
3,Baja California Sur,1,Comondú,6200240384,Porcentaje de mujeres de 15 a 19 años,2020,4.15456289394355,Porcentaje
3,Baja California Sur,1,Comondú,6200240386,Población de 5 años y más hablante de Lenguas mixtecas,2020,401.0,Personas
3,Baja California Sur,1,Comondú,6200240388,Porcentaje de hombres de 65 a 69 años,2020,1.62236229103864,Porcentaje
3,Baja California Sur,1,Comondú,6200240389,Tasa de crecimiento promedio anual de las viviendas particulares habitadas,2020,1.58920572078594,Tasa
3,Baja California Sur,1,Comondú,6200240390,Porcentaje de la población con discapacidad por accidente,2020,10.9226419943459,Porcentaje
3,Baja California Sur,1,Comondú,6200240395,"Viviendas, de cada cien que cuentan con electricidad, agua y drenaje",2020,94.0298507462687,Porcentaje
3,Baja California Sur,1,Comondú,6200240396,Porcentaje de la población de 30 a 59 años con limitación en la actividad,2020,14.5302422869095,Porcentaje
3,Baja California Sur,1,Comondú,6200240397,Tasa de monolingüismo de la población de 5 años y más hablante de Chol (Ch''ol),2020,0.0,Porcentaje
3,Baja California Sur,1,Comondú,6200240398,Tasa de monolingüismo de la población de 5 años y más hablante de Totonaca (Totonaco),2020,0.0,Porcentaje
3,Baja California Sur,1,Comondú,6200240407,Índice de envejecimiento,2020,54.1713451605659,Porcentaje
3,Baja California Sur,1,Comondú,6200240410,Porcentaje de hombres de 60 a 64 años,2020,2.12661003014525,Porcentaje
3,Baja California Sur,1,Comondú,6200240411,Porcentaje de hombres de 85 años y más,2020,0.354891751164703,Porcentaje
3,Baja California Sur,1,Comondú,6200240413,Tasa de monolingüismo de la población de 5 años y más hablante de Huasteco,2020,0.0,Porcentaje
3,Baja California Sur,1,Comondú,6200240414,"Porcentaje de la población derechohabiente en PEMEX, SDN o SM",2020,1.82069565487564,Porcentaje
3,Baja California Sur,1,Comondú,6200240416,Porcentaje de la población usuaria de servicios de salud en instituciones de servicios médicos privados,2020,0.278075530906775,Porcentaje
3,Baja California Sur,1,Comondú,6200240421,Porcentaje de la población derechohabiente en el ISSSTE,2020,19.8101629615821,Porcentaje
3,Baja California Sur,1,Comondú,6200240423,Porcentaje de hombres de 40 a 44 años,2020,3.60372704850644,Porcentaje
3,Baja California Sur,1,Comondú,6200240424,Tasa de monolingüismo de la población de 5 años y más hablante de Mixe,2020,0.0,Porcentaje
3,Baja California Sur,1,Comondú,6200240425,Porcentaje de hombres de 70 a 74 años,2020,1.1030419292957,Porcentaje
3,Baja California Sur,1,Comondú,6200240426,Porcentaje de mujeres de 60 a 64 años,2020,2.25815291860784,Porcentaje
3,Baja California Sur,1,Comondú,6200240427,Porcentaje de mujeres de 65 a 69 años,2020,1.60865990682379,Porcentaje
3,Baja California Sur,1,Comondú,6200240428,Tasa de monolingüismo de la población de 5 años y más hablante de Otomí,2020,0.0,Porcentaje
3,Baja California Sur,1,Comondú,6200240430,Porcentaje de la población con limitación para caminar y moverse,2020,28.2800741629403,Porcentaje
3,Baja California Sur,1,Comondú,6200240431,Población de 5 años y más hablante de Purépecha (Tarasco),2020,12.0,Personas
3,Baja California Sur,1,Comondú,6200240432,Tasa de monolingüismo de la población de 5 años y más hablante de Zoque,2020,0.0,Porcentaje
3,Baja California Sur,1,Comondú,6200240433,Tasa de monolingüismo de la población de 5 años y más hablante de Lenguas zapotecas,2020,0.0,Porcentaje
3,Baja California Sur,1,Comondú,6200240434,Población de 5 años y más hablante de Chatino,2020,0.0,Personas
3,Baja California Sur,1,Comondú,6200240435,Porcentaje de la población con limitación para atender el cuidado personal,2020,4.92965426982223,Porcentaje
3,Baja California Sur,1,Comondú,6200240443,Porcentaje de mujeres de 35 a 39 años,2020,3.51466155110989,Porcentaje
3,Baja California Sur,1,Comondú,6200240444,Porcentaje de hombres de 55 a 59 años,2020,2.63633872293779,Porcentaje
3,Baja California Sur,1,Comondú,6200240445,Porcentaje de hombres de 5 a 9 años,2020,4.14497122499315,Porcentaje
3,Baja California Sur,1,Comondú,6200240447,Porcentaje de la población de 15 años y más sin instrucción,2020,6.37507250580046,Porcentaje
3,Baja California Sur,1,Comondú,6200240449,Tasa de monolingüismo de la población de 5 años y más hablante de lengua indígena,2020,3.84615384615384,Porcentaje
3,Baja California Sur,1,Comondú,6200240450,Porcentaje de la población con limitación para ver,2020,64.5762896717199,Porcentaje
3,Baja California Sur,1,Comondú,6200240451,Población de 5 años y más hablante de Tarahumara,2020,13.0,Personas
3,Baja California Sur,1,Comondú,6200240452,Población de 5 años y más hablante de Chol (Ch''ol),2020,2.0,Personas
3,Baja California Sur,1,Comondú,6200240453,Población de 5 años y más hablante de Totonaca (Totonaco),2020,1.0,Personas
3,Baja California Sur,1,Comondú,6200240454,Tasa de monolingüismo de la población de 5 años y más hablante de Mazahua,2020,0.0,Porcentaje
3,Baja California Sur,1,Comondú,6200240458,Porcentaje de la población con discapacidad por edad avanzada,2020,21.7167823181701,Porcentaje
3,Baja California Sur,1,Comondú,6200240459,Porcentaje de la población con discapacidad por nacimiento,2020,17.1678231817014,Porcentaje
3,Baja California Sur,1,Comondú,6200240466,Población de 5 años y más hablante de Tlapaneco,2020,1.0,Personas
3,Baja California Sur,1,Comondú,6200240471,Porcentaje de la población derechohabiente en el IMSS,2020,45.0031846639014,Porcentaje
3,Baja California Sur,1,Comondú,6200240475,Porcentaje de hombres de 80 a 84 años,2020,0.509728692792546,Porcentaje
3,Baja California Sur,1,Comondú,6200240477,Porcentaje de la población de 85 y más con limitación en la actividad,2020,23.5500878734622,Porcentaje
3,Baja California Sur,1,Comondú,6200240478,Porcentaje de la población con limitación para escuchar,2020,19.2387392300142,Porcentaje
3,Baja California Sur,1,Comondú,6200240479,Porcentaje de la población con limitación para poner atención o aprender,2020,20.7983422401571,Porcentaje
3,Baja California Sur,1,Comondú,6200240480,Población de 5 años y más hablante de Huasteco,2020,8.0,Personas
3,Baja California Sur,1,Comondú,6200240481,Población de 5 años y más hablante de Tzotzil (Tsotsil),2020,5.0,Personas
3,Baja California Sur,1,Comondú,6200240486,Porcentaje de hombres de 25 a 29 años,2020,3.57495204165525,Porcentaje
3,Baja California Sur,1,Comondú,6200240488,Porcentaje de la población de 15 a 29 años con limitación en la actividad,2020,6.57597718902222,Porcentaje
3,Baja California Sur,1,Comondú,6200240493,Porcentaje de la población de 5 años y más hablante de lengua indígena,2020,1.23005958101096,Porcentaje
3,Baja California Sur,1,Comondú,6200240495,Porcentaje de la población con discapacidad por otra causa,2020,9.86892829606785,Porcentaje
3,Baja California Sur,1,Comondú,6200240496,Población de 5 años y más hablante de Náhuatl,2020,173.0,Personas
3,Baja California Sur,1,Comondú,6200240497,Población no católica,2020,6943.0,Miles DE personas
3,Baja California Sur,1,Comondú,6200240499,Porcentaje de la población que profesa la religión protestante y evangélica,2020,9.41646923487764,Porcentaje
3,Baja California Sur,1,Comondú,6200240507,Porcentaje de mujeres de 50 a 54 años,2020,2.98848999725952,Porcentaje
3,Baja California Sur,1,Comondú,6200240509,Tasa de monolingüismo de la población de 5 años y más hablante de Tarahumara,2020,0.0,Porcentaje
3,Baja California Sur,1,Comondú,6200240518,Porcentaje de hombres de 30 a 34 años,2020,3.47903535215127,Porcentaje
3,Baja California Sur,1,Comondú,6200240520,Porcentaje de hombres de 20 a 24 años,2020,3.84899972595232,Porcentaje
3,Baja California Sur,1,Comondú,6200240521,Población de 5 años y más hablante de Zoque,2020,0.0,Personas
3,Baja California Sur,1,Comondú,6200240522,Tasa de monolingüismo de la población de 5 años y más hablante de Purépecha (Tarasco),2020,0.0,Porcentaje
3,Baja California Sur,1,Comondú,6200240532,Porcentaje de hombres de 45 a 49 años,2020,3.42011510002741,Porcentaje
3,Baja California Sur,1,Comondú,6200240533,Porcentaje de hombres de 50 a 54 años,2020,2.94875308303645,Porcentaje
3,Baja California Sur,1,Comondú,6200240534,Tasa de monolingüismo de la población de 5 años y más hablante de Resto de lenguas,2020,0.0,Porcentaje
3,Baja California Sur,1,Comondú,6200240535,Población de 5 años y más hablante de Mazateco,2020,24.0,Personas
3,Baja California Sur,1,Comondú,6200240536,Tasa de monolingüismo de la población de 5 años y más hablante de Tlapaneco,2020,0.0,Porcentaje
3,Baja California Sur,1,Comondú,6200240537,Tasa de monolingüismo de la población de 5 años y más hablante de Tzeltal (Tseltal),2020,0.0,Porcentaje
3,Baja California Sur,1,Comondú,6200240538,Población de 5 años y más hablante del Resto de lenguas,2020,102.0,Personas
3,Baja California Sur,1,Comondú,6200240539,Tasa de monolingüismo de la población de 5 años y más hablante de Lenguas chinantecas,2020,0.0,Porcentaje
3,Baja California Sur,1,Comondú,6200240540,Porcentaje de la población con discapacidad por enfermedad,2020,49.0362374710871,Porcentaje
3,Baja California Sur,1,Comondú,6200240548,Porcentaje de mujeres de 25 a 29 años,2020,3.41463414634146,Porcentaje
3,Baja California Sur,1,Comondú,6200240549,Porcentaje de mujeres de 30 a 34 años,2020,3.62291038640723,Porcentaje
3,Baja California Sur,1,Comondú,6205370864,Porcentaje de población que se considera afrodescendiente,2020,1.09831418359102,Porcentaje
3,Baja California Sur,1,Comondú,6207019007,Porcentaje de la población de 12 años y más viuda,2020,4.59735067926957,Porcentaje
3,Baja California Sur,1,Comondú,6207019009,Porcentaje de la población de 12 años y más casada,2020,32.557509231968,Porcentaje
3,Baja California Sur,1,Comondú,6207019010,Porcentaje de población de 25 años y más alfabeta,2020,94.9142396684701,Porcentaje
3,Baja California Sur,1,Comondú,6207019011,Porcentaje de la población de 12 años y más soltera,2020,31.7207033235085,Porcentaje
3,Baja California Sur,1,Comondú,6207019012,Porcentaje de la población de 12 años y más separada,2020,5.92539892265474,Porcentaje
3,Baja California Sur,1,Comondú,6207019016,Porcentaje de la población de 12 años y más divorciada,2020,2.13605718738354,Porcentaje
3,Baja California Sur,1,Comondú,6207019017,Porcentaje de población afiliada a otra institución,2020,0.335554830591415,Porcentaje
3,Baja California Sur,1,Comondú,6207019018,Porcentaje de población afiliada a servicios de salud,2020,88.1540926582764,Porcentaje
3,Baja California Sur,1,Comondú,6207019019,Porcentaje de la población de 12 años y más en unión libre,2020,23.0291018734966,Porcentaje
3,Baja California Sur,1,Comondú,6207019020,Porcentaje de población de 15 años y más sin escolaridad,2020,5.98535382830626,Porcentaje
3,Baja California Sur,1,Comondú,6207019022,Porcentaje de viviendas particulares habitadas propias,2020,73.6221006465615,Porcentaje
3,Baja California Sur,1,Comondú,6207019023,Porcentaje de hijos fallecidos de las mujeres de 15 a 49 años,2020,3.14711233910641,Porcentaje
3,Baja California Sur,1,Comondú,6207019024,Porcentaje de la población de 3 a 5 años que asiste a la escuela,2020,63.2984901277584,Porcentaje
3,Baja California Sur,1,Comondú,6207019026,Porcentaje de la población de 6 a 11 años que asiste a la escuela,2020,97.1571005119914,Porcentaje
3,Baja California Sur,1,Comondú,6207019028,Porcentaje de la población de 12 a 14 años que asiste a la escuela,2020,95.0336264873254,Porcentaje
3,Baja California Sur,1,Comondú,6207019029,Porcentaje de la población de 15 a 24 años que asiste a la escuela,2020,50.2173357197648,Porcentaje
3,Baja California Sur,1,Comondú,6207019030,Porcentaje de población de 12 años y más económicamente activa,2020,60.7226344140665,Porcentaje
3,Baja California Sur,1,Comondú,6207019031,Porcentaje de población de 15 años y más con escolaridad básica,2020,49.0030452436195,Porcentaje
3,Baja California Sur,1,Comondú,6207019034,Porcentaje de población de 3 años y más hablante de lengua indígena,2020,1.20886981402003,Porcentaje
3,Baja California Sur,1,Comondú,6207019035,Porcentaje de la población de 12 años y más No Económicamente Activa,2020,38.8759020225633,Porcentaje
3,Baja California Sur,1,Comondú,6207019036,Promedio de hijos nacidos vivos de las mujeres de 15 a 49 años EI2015,2020,1.61680104597952,Promedio
3,Baja California Sur,1,Comondú,6207019039,Porcentaje de la población de 12 años y más económicamente activa ocupada,2020,98.7502440929506,Porcentaje
3,Baja California Sur,1,Comondú,6207019040,Porcentaje de la población femenina de 12 años y más económicamente activa,2020,38.0785002929115,Porcentaje
3,Baja California Sur,1,Comondú,6207019042,Porcentaje de viviendas particulares habitadas que disponen de Internet,2020,45.7259158751696,Porcentaje
3,Baja California Sur,1,Comondú,6207019043,Porcentaje de la población masculina de 12 años y más económicamente activa,2020,61.9214997070885,Porcentaje
3,Baja California Sur,1,Comondú,6207019046,Porcentaje de viviendas particulares habitadas que disponen de computadora,2020,33.6589778380823,Porcentaje
3,Baja California Sur,1,Comondú,6207019047,Porcentaje de la población de 12 años y más no económicamente activa que estudia,2020,36.161220043573,Porcentaje
3,Baja California Sur,1,Comondú,6207019050,Porcentaje de viviendas particulares habitadas que disponen de teléfono fijo,2020,27.9828132066938,Porcentaje
3,Baja California Sur,1,Comondú,6207019051,Porcentaje de la población de 12 años y más sin especificar su situación conyugal,2020,0.0338787817190094,Porcentaje
3,Baja California Sur,1,Comondú,6207019054,Porcentaje de la población femenina de 12 años y más económicamente activa ocupada,2020,99.2161172161172,Porcentaje
3,Baja California Sur,1,Comondú,6207019055,Porcentaje de viviendas particulares habitadas que disponen de teléfono celular,2020,91.7503392130258,Porcentaje
3,Baja California Sur,1,Comondú,6207019056,Porcentaje de la población masculina de 12 años y más económicamente activa ocupada,2020,98.4637563634725,Porcentaje
3,Baja California Sur,1,Comondú,6207019057,Porcentaje de viviendas particulares habitadas que disponen de televisión de paga,2020,61.4020805065581,Porcentaje
3,Baja California Sur,1,Comondú,6207019058,Porcentaje de población de 3 años y más hablante de lengua indígena que no habla español,2020,4.02366863905325,Porcentaje
3,Baja California Sur,1,Comondú,6207019059,Porcentaje de población de 12 años con condición de actividad económica no especificada,2020,0.401463563370261,Porcentaje
3,Baja California Sur,1,Comondú,6207019060,Porcentaje de la población de 12 años y más no económicamente activa que es pensionada o jubilada,2020,9.84749455337691,Porcentaje
3,Baja California Sur,1,Comondú,6207019063,Porcentaje de superficie en el ámbito geográfico de referencia respecto a la unidad geográfica superior,2020,24.7852115979433,Porcentaje
3,Baja California Sur,1,Comondú,6207019064,Porcentaje de la población de 12 años y más no económicamente activa que se dedica a los quehaceres del hogar,2020,40.636165577342,Porcentaje
3,Baja California Sur,1,Comondú,6207019065,Porcentaje de la población de 12 años y más no económicamente activa que realiza otras actividades no económicas,2020,8.65359477124183,Porcentaje
3,Baja California Sur,1,Comondú,6207019070,Porcentaje de la población de 12 años y más no económicamente activa con alguna limitación física o mental que les impide trabajar,2020,4.70152505446623,Porcentaje
3,Baja California Sur,1,Comondú,6207020032,Porcentaje de hombres,2020,50.4019391681845,Porcentaje
3,Baja California Sur,1,Comondú,6207020033,Porcentaje de mujeres,2020,49.5980608318155,Porcentaje
3,Baja California Sur,1,Comondú,6207020035,Promedio de ocupantes por cuarto (Índice de hacinamiento),2020,0.940935932274247,Promedio
3,Baja California Sur,1,Comondú,6207049066,Población de 6 a 14 años que sabe leer y escribir,2020,10043.0,Porcentaje
3,Baja California Sur,1,Comondú,6207049067,Población de 6 a 14 años que no sabe leer y escribir,2020,1208.0,Porcentaje
3,Baja California Sur,1,Comondú,6207049068,Porcentaje de la población de 3 años y más que asiste a la escuela,2020,28.101573676681,Porcentaje
3,Baja California Sur,1,Comondú,6207049069,Porcentaje de la población de 3 años y más que no asiste a la escuela,2020,71.862660944206,Porcentaje
3,Baja California Sur,1,Comondú,6207049070,Población de 6 a 14 años que no especificó si sabe o no leer y escribir,2020,37.0,Porcentaje
3,Baja California Sur,1,Comondú,6207049071,Porcentaje de la población de 3 años y más que no especificó si asiste o no a la escuela,2020,0.0357653791130186,Porcentaje
3,Baja California Sur,1,Comondú,6207051593,Porcentaje de población de 6 a 14 años que no asiste a la escuela,2020,3.561304,Porcentaje
3,Baja California Sur,1,Comondú,6207068394,Porcentaje de viviendas con agua entubada dentro de la vivienda,2020,80.8412483039349,Porcentaje
3,Baja California Sur,1,Comondú,6207129629,Porcentaje de la población nacional/estatal que representa,2020,9.14537846594702,Porcentaje
3,Baja California Sur,1,Comondú,6207129630,Promedio de ocupantes por dormitorio,2020,1.68322778154285,Promedio
3,Baja California Sur,1,Comondú,6207129631,Porcentaje de viviendas particulares habitadas que disponen de tinaco,2020,83.2473993668024,Porcentaje
3,Baja California Sur,1,Comondú,6207129632,Porcentaje de viviendas particulares habitadas que disponen de cisterna o aljibe,2020,15.2374491180461,Porcentaje
3,Baja California Sur,1,Comondú,6207129635,Porcentaje de viviendas particulares habitadas que disponen de Automóvil o camioneta,2020,75.6354590682949,Porcentaje
3,Baja California Sur,1,Comondú,6207129636,Porcentaje de viviendas particulares habitadas que disponen de motocicleta o motoneta,2020,5.94753505201266,Porcentaje
3,Baja California Sur,1,Comondú,6207129637,Porcentaje de viviendas particulares habitadas que disponen de bicicleta como medio de transporte,2020,20.41157847128,Porcentaje
3,Baja California Sur,1,Comondú,6207129638,Porcentaje de la población con algún tipo de  discapacidad,2020,6.20369482751537,Porcentaje
3,Baja California Sur,1,Comondú,6207129639,Porcentaje de la población entre 0 y 17 años con algún tipo de  discapacidad,2020,2.02721212674642,Porcentaje
3,Baja California Sur,1,Comondú,6207129640,Porcentaje de la población entre 18 y 29 años con algún tipo de  discapacidad,2020,2.20495919648462,Porcentaje
3,Baja California Sur,1,Comondú,6207129641,Porcentaje de la población entre 30 y 59 años con algún tipo de  discapacidad,2020,4.62959735053164,Porcentaje
3,Baja California Sur,1,Comondú,6207129642,Porcentaje de la población de 60 años y más con algún tipo de  discapacidad,2020,25.6710539952327,Porcentaje
3,Baja California Sur,1,Comondú,6207129643,Porcentaje de la población de 5 y más años migrante según causa: Trabajo,2020,43.3854000637552,Porcentaje
3,Baja California Sur,1,Comondú,6207129644,Porcentaje de la población de 5 y más años migrante según causa: Familiar,2020,42.8434810328339,Porcentaje
3,Baja California Sur,1,Comondú,6207129645,Porcentaje de la población de 5 y más años migrante según causa: Educativa,2020,5.1322919987249,Porcentaje
3,Baja California Sur,1,Comondú,6207129646,Porcentaje de la población de 5 y más años migrante según causa: Inseguridad delictiva o violencia,2020,1.84890022314313,Porcentaje
3,Baja California Sur,1,Comondú,6207129647,Porcentaje de la población de 5 y más años migrante según causa: Otra causa,2020,5.32355753905005,Porcentaje
3,Baja California Sur,1,Comondú,6207129648,Promedio de hijos nacidos vivos por grupo de edad: 15-19,2020,0.112908550676791,Promedio
3,Baja California Sur,1,Comondú,6207129649,Promedio de hijos nacidos vivos por grupo de edad: 20-24,2020,0.751261156383392,Promedio
3,Baja California Sur,1,Comondú,6207129650,Promedio de hijos nacidos vivos por grupo de edad: 25-29,2020,1.45845042151746,Promedio
3,Baja California Sur,1,Comondú,6207129651,Promedio de hijos nacidos vivos por grupo de edad: 30-34,2020,1.93229954614221,Promedio
3,Baja California Sur,1,Comondú,6207129652,Promedio de hijos nacidos vivos por grupo de edad: 35-39,2020,2.28950448692938,Promedio
3,Baja California Sur,1,Comondú,6207129653,Promedio de hijos nacidos vivos por grupo de edad: 40-44,2020,2.48919226393629,Promedio
3,Baja California Sur,1,Comondú,6207129654,Promedio de hijos nacidos vivos por grupo de edad: 45-49,2020,2.57805383022774,Promedio
3,Baja California Sur,1,Comondú,6207129812,Porcentaje de viviendas particulares habitadas que disponen de refrigerador,2020,92.0850293984622,Porcentaje
3,Baja California Sur,1,Comondú,6207129813,Porcentaje de viviendas particulares habitadas que disponen de lavadora,2020,72.0669380370873,Porcentaje
3,Baja California Sur,1,Comondú,6207129818,Porcentaje de la población derechohabiente en Instituto de Salud para el Bienestar (IMSS-PROSPERA o IMSS-BIENESTAR),2020,0.29516397135356,Porcentaje
3,Baja California Sur,1,Comondú,6207129822,Ubicación geográfica con la mayor cantidad de pobladores. Primer lugar,2020,30010001.0,No aplica
3,Baja California Sur,1,Comondú,6207129825,Población de la ubicación geográfica con la mayor cantidad de pobladores. Primer lugar,2020,43805.0,Personas
3,Baja California Sur,1,Comondú,6207129828,Lengua indígena más frecuente. Descripción. Primer lugar,2020,516.0,No aplica
3,Baja California Sur,1,Comondú,6207129830,Lengua indígena más frecuente. Porcentaje. Primer lugar,2020,49.6977025392987,Porcentaje
3,Baja California Sur,1,Comondú,6207129840,Total de áreas geográficas,2020,589.0,Municipios
3,Baja California Sur,2,Mulegé,1001000001,Superficie continental,2020,32009.86015049,Kilómetros cuadrados
3,Baja California Sur,2,Mulegé,1002000001,Población total,2020,64022.0,Personas
3,Baja California Sur,2,Mulegé,1002000002,Población total hombres,2020,33071.0,Personas
3,Baja California Sur,2,Mulegé,1002000003,Población total mujeres,2020,30951.0,Personas
3,Baja California Sur,2,Mulegé,1002000004,Porcentaje de población de 15 a 29 años,2020,24.0314807860809,Porcentaje
3,Baja California Sur,2,Mulegé,1002000005,Porcentaje de hombres de 15 a 29 años,2020,24.4502998364528,Porcentaje
3,Baja California Sur,2,Mulegé,1002000006,Porcentaje de mujeres de 15 a 29 años,2020,23.5838674176215,Porcentaje
3,Baja California Sur,2,Mulegé,1002000007,Porcentaje de población de 60 y más años,2020,10.547315058205,Porcentaje
3,Baja California Sur,2,Mulegé,1002000008,Porcentaje de hombres de 60 y más años,2020,10.4397601308377,Porcentaje
3,Baja California Sur,2,Mulegé,1002000009,Porcentaje de mujeres de 60 y más años,2020,10.662264517382,Porcentaje
3,Baja California Sur,2,Mulegé,1002000010,Edad mediana,2020,29.0,Años
3,Baja California Sur,2,Mulegé,1002000011,Edad mediana hombres,2020,29.0,Años
3,Baja California Sur,2,Mulegé,1002000012,Edad mediana mujeres,2020,29.0,Años
3,Baja California Sur,2,Mulegé,1002000013,Promedio de hijos nacidos vivos de las mujeres de 12 años y más,2020,2.16131038772548,Promedio
3,Baja California Sur,2,Mulegé,1002000014,Población en hogares censales,2020,62884.0,Personas
3,Baja California Sur,2,Mulegé,1002000015,Población en hogares familiares,2020,58987.0,Personas
3,Baja California Sur,2,Mulegé,1002000016,Población en hogares no familiares,2020,3798.0,Personas
3,Baja California Sur,2,Mulegé,1002000018,Hogares censales,2020,19402.0,Hogares
3,Baja California Sur,2,Mulegé,1002000019,Hogares con jefatura masculina,2020,14282.0,Hogares
3,Baja California Sur,2,Mulegé,1002000020,Hogares con jefatura femenina,2020,5120.0,Hogares
3,Baja California Sur,2,Mulegé,1002000021,Tamaño promedio de los hogares censales,2020,3.24110916400371,Personas
3,Baja California Sur,2,Mulegé,1002000022,Tamaño promedio de los hogares con jefe hombre,2020,3.31662232180367,Personas
3,Baja California Sur,2,Mulegé,1002000023,Tamaño promedio de los hogares con jefe mujer,2020,3.03046875,Personas
3,Baja California Sur,2,Mulegé,1002000024,Relación hombres-mujeres,2020,106.84953636393,Hombres por cada 100 mujeres
3,Baja California Sur,2,Mulegé,1002000041,Porcentaje de personas de 15 años y más alfabetas,2020,95.7261313495193,Porcentaje
3,Baja California Sur,2,Mulegé,1002000050,Tasa de alfabetización de las personas de 15 a 24 años,2020,98.2985458502325,Tasa
3,Baja California Sur,2,Mulegé,1002000055,Población de edad no especificada,2020,110.0,Personas
3,Baja California Sur,2,Mulegé,1002000056,Población de edad no especificada. Hombres,2020,53.0,Personas
3,Baja California Sur,2,Mulegé,1002000057,Población de edad no especificada. Mujeres,2020,57.0,Personas
3,Baja California Sur,2,Mulegé,1002000058,Población de 0 a 4 años,2020,5682.0,Personas
3,Baja California Sur,2,Mulegé,1002000059,Población de 0 a 4 años. Hombres,2020,2850.0,Personas
3,Baja California Sur,2,Mulegé,1002000060,Población de 0 a 4 años. Mujeres,2020,2832.0,Personas
3,Baja California Sur,2,Mulegé,1002000061,Población de 10 a 14 años,2020,5645.0,Personas
3,Baja California Sur,2,Mulegé,1002000062,Población de 10 a 14 años. Hombres,2020,2858.0,Personas
3,Baja California Sur,2,Mulegé,1002000063,Población de 10 a 14 años. Mujeres,2020,2787.0,Personas
3,Baja California Sur,2,Mulegé,1002000064,Población de 100 años y más,2020,4.0,Personas
3,Baja California Sur,2,Mulegé,1002000065,Población de 100 años y más. Hombres,2020,2.0,Personas
3,Baja California Sur,2,Mulegé,1002000066,Población de 100 años y más. Mujeres,2020,2.0,Personas
3,Baja California Sur,2,Mulegé,1002000067,Población de 15 a 19 años,2020,5163.0,Personas
3,Baja California Sur,2,Mulegé,1002000068,Población de 15 a 19 años. Hombres,2020,2690.0,Personas
3,Baja California Sur,2,Mulegé,1002000069,Población de 15 a 19 años. Mujeres,2020,2473.0,Personas
3,Baja California Sur,2,Mulegé,1002000070,Población de 20 a 24 años,2020,4946.0,Personas
3,Baja California Sur,2,Mulegé,1002000071,Población de 20 a 24 años. Hombres,2020,2633.0,Personas
3,Baja California Sur,2,Mulegé,1002000072,Población de 20 a 24 años. Mujeres,2020,2313.0,Personas
3,Baja California Sur,2,Mulegé,1002000073,Población de 25 a 29 años,2020,5250.0,Personas
3,Baja California Sur,2,Mulegé,1002000074,Población de 25 a 29 años. Hombres,2020,2750.0,Personas
3,Baja California Sur,2,Mulegé,1002000075,Población de 25 a 29 años. Mujeres,2020,2500.0,Personas
3,Baja California Sur,2,Mulegé,1002000076,Población de 30 a 34 años,2020,5190.0,Personas
3,Baja California Sur,2,Mulegé,1002000077,Población de 30 a 34 años. Hombres,2020,2686.0,Personas
3,Baja California Sur,2,Mulegé,1002000078,Población de 30 a 34 años. Mujeres,2020,2504.0,Personas
3,Baja California Sur,2,Mulegé,1002000079,Población de 35 a 39 años,2020,4646.0,Personas
3,Baja California Sur,2,Mulegé,1002000080,Población de 35 a 39 años. Hombres,2020,2425.0,Personas
3,Baja California Sur,2,Mulegé,1002000081,Población de 35 a 39 años. Mujeres,2020,2221.0,Personas
3,Baja California Sur,2,Mulegé,1002000082,Población de 40 a 44 años,2020,4348.0,Personas
3,Baja California Sur,2,Mulegé,1002000083,Población de 40 a 44 años. Hombres,2020,2244.0,Personas
3,Baja California Sur,2,Mulegé,1002000084,Población de 40 a 44 años. Mujeres,2020,2104.0,Personas
3,Baja California Sur,2,Mulegé,1002000085,Población de 45 a 49 años,2020,3923.0,Personas
3,Baja California Sur,2,Mulegé,1002000086,Población de 45 a 49 años. Hombres,2020,2076.0,Personas
3,Baja California Sur,2,Mulegé,1002000087,Población de 45 a 49 años. Mujeres,2020,1847.0,Personas
3,Baja California Sur,2,Mulegé,1002000088,Población de 5 a 9 años,2020,5672.0,Personas
3,Baja California Sur,2,Mulegé,1002000089,Población de 5 a 9 años. Hombres,2020,2881.0,Personas
3,Baja California Sur,2,Mulegé,1002000090,Población de 5 a 9 años. Mujeres,2020,2791.0,Personas
3,Baja California Sur,2,Mulegé,1002000091,Población de 50 a 54 años,2020,3687.0,Personas
3,Baja California Sur,2,Mulegé,1002000092,Población de 50 a 54 años. Hombres,2020,1897.0,Personas
3,Baja California Sur,2,Mulegé,1002000093,Población de 50 a 54 años. Mujeres,2020,1790.0,Personas
3,Baja California Sur,2,Mulegé,1002000094,Población de 55 a 59 años,2020,3019.0,Personas
3,Baja California Sur,2,Mulegé,1002000095,Población de 55 a 59 años. Hombres,2020,1581.0,Número de personas
3,Baja California Sur,2,Mulegé,1002000096,Población de 55 a 59 años. Mujeres,2020,1438.0,Número de personas
3,Baja California Sur,2,Mulegé,1002000097,Población de 60 a 64 años,2020,2281.0,Personas
3,Baja California Sur,2,Mulegé,1002000098,Población de 60 a 64 años. Hombres,2020,1194.0,Número de personas
3,Baja California Sur,2,Mulegé,1002000099,Población de 60 a 64 años. Mujeres,2020,1087.0,Número de personas
3,Baja California Sur,2,Mulegé,1002000100,Población de 65 a 69 años,2020,1584.0,Personas
3,Baja California Sur,2,Mulegé,1002000101,Población de 65 a 69 años. Hombres,2020,804.0,Número de personas
3,Baja California Sur,2,Mulegé,1002000102,Población de 65 a 69 años. Mujeres,2020,780.0,Número de personas
3,Baja California Sur,2,Mulegé,1002000103,Población de 70 a 74 años,2020,1160.0,Personas
3,Baja California Sur,2,Mulegé,1002000104,Población de 70 a 74 años. Hombres,2020,571.0,Número de personas
3,Baja California Sur,2,Mulegé,1002000105,Población de 70 a 74 años. Mujeres,2020,589.0,Número de personas
3,Baja California Sur,2,Mulegé,1002000106,Población de 75 a 79 años,2020,839.0,Personas
3,Baja California Sur,2,Mulegé,1002000107,Población de 75 a 79 años. Hombres,2020,445.0,Número de personas
3,Baja California Sur,2,Mulegé,1002000108,Población de 75 a 79 años. Mujeres,2020,394.0,Número de personas
3,Baja California Sur,2,Mulegé,1002000109,Población de 80 a 84 años,2020,471.0,Personas
3,Baja California Sur,2,Mulegé,1002000110,Población de 80 a 84 años. Hombres,2020,235.0,Número de personas
3,Baja California Sur,2,Mulegé,1002000111,Población de 80 a 84 años. Mujeres,2020,236.0,Número de personas
3,Baja California Sur,2,Mulegé,1002000112,Población de 85 a 89 años,2020,281.0,Personas
3,Baja California Sur,2,Mulegé,1002000113,Población de 85 a 89 años. Hombres,2020,145.0,Número de personas
3,Baja California Sur,2,Mulegé,1002000114,Población de 85 a 89 años. Mujeres,2020,136.0,Número de personas
3,Baja California Sur,2,Mulegé,1002000115,Población de 90 a 94 años,2020,88.0,Personas
3,Baja California Sur,2,Mulegé,1002000116,Población de 90 a 94 años. Hombres,2020,32.0,Número de personas
3,Baja California Sur,2,Mulegé,1002000117,Población de 90 a 94 años. Mujeres,2020,56.0,Número de personas
3,Baja California Sur,2,Mulegé,1002000118,Población de 95 a 99 años,2020,33.0,Personas
3,Baja California Sur,2,Mulegé,1002000119,Población de 95 a 99 años. Hombres,2020,19.0,Número de personas
3,Baja California Sur,2,Mulegé,1002000120,Población de 95 a 99 años. Mujeres,2020,14.0,Número de personas
3,Baja California Sur,2,Mulegé,1002000127,Relación de dependencia,2020,50.5476644760088,Personas dependientes por cada 100 personas en edad de trabajar
3,Baja California Sur,2,Mulegé,1003000001,Total de viviendas particulares habitadas,2020,19402.0,Viviendas
3,Baja California Sur,2,Mulegé,1003000011,Viviendas particulares habitadas,2020,18542.0,Número de Viviendas
3,Baja California Sur,2,Mulegé,1003000015,Promedio de ocupantes en viviendas particulares habitadas,2020,3.24912937262852,Promedio
3,Baja California Sur,2,Mulegé,1003000017,Viviendas particulares habitadas que disponen de energía eléctrica,2020,18755.0,Viviendas
3,Baja California Sur,2,Mulegé,1003000018,Viviendas particulares habitadas que disponen de agua de la red pública en el ámbito de la vivienda,2020,18632.0,Viviendas
3,Baja California Sur,2,Mulegé,1003000019,Viviendas particulares habitadas que disponen de drenaje,2020,16988.0,Viviendas
3,Baja California Sur,2,Mulegé,1003000020,Viviendas particulares habitadas que disponen de excusado o sanitario,2020,18871.0,Viviendas
3,Baja California Sur,2,Mulegé,1003000023,Viviendas particulares habitadas que disponen de lavadora,2020,12895.0,Viviendas
3,Baja California Sur,2,Mulegé,1003000024,Viviendas particulares habitadas que disponen de computadora,2020,7857.0,Viviendas
3,Baja California Sur,2,Mulegé,1004000001,Población derechohabiente a servicios de salud,2020,54272.0,Personas
3,Baja California Sur,2,Mulegé,1005000012,Población de 5 años y más que asiste a la escuela,2020,14978.0,Personas
3,Baja California Sur,2,Mulegé,1005000038,Grado promedio de escolaridad de la población de 15 y más años,2020,9.12697226551658,Años de escolaridad
3,Baja California Sur,2,Mulegé,1005000039,Población de 5 años y más hablante de lengua indígena,2020,2990.0,Personas
3,Baja California Sur,2,Mulegé,3104003001,Porcentaje de población inmigrante (migración reciente),2020,8.81751977785928,Porcentaje
3,Baja California Sur,2,Mulegé,3105001001,Densidad de población,2020,2.00007121864979,Habitantes por kilómetro cuadrado
3,Baja California Sur,2,Mulegé,3105004001,Porcentaje de población en localidades de menos de 2 500 habitantes,2020,33.3291680984661,Porcentaje
3,Baja California Sur,2,Mulegé,3108001001,Porcentaje de analfabetas total,2020,4.14810393707501,Porcentaje
3,Baja California Sur,2,Mulegé,3108001002,Porcentaje de analfabetas hombres,2020,3.93794260919399,Porcentaje
3,Baja California Sur,2,Mulegé,3108001003,Porcentaje de analfabetas mujeres,2020,4.37644547233588,Porcentaje
3,Baja California Sur,2,Mulegé,3114004001,Porcentaje de viviendas con piso de tierra,2020,3.03550080565518,Porcentaje
3,Baja California Sur,2,Mulegé,3114006001,Porcentaje de viviendas con electricidad,2020,97.4842767295598,Porcentaje
3,Baja California Sur,2,Mulegé,6200031290,Porcentaje de viviendas particulares habitadas con disponibilidad de drenaje,2020,88.299807682312,Porcentaje
3,Baja California Sur,2,Mulegé,6200031291,Porcentaje de viviendas particulares habitadas con disponibilidad de excusado,2020,98.0872186704091,Porcentaje
3,Baja California Sur,2,Mulegé,6200108938,Porcentaje de viviendas con techos de materiales resistentes,2020,30.0242769685455,Porcentaje
3,Baja California Sur,2,Mulegé,6200205238,Población de 8 a 14 años que sabe leer y escribir,2020,7641.0,Personas
3,Baja California Sur,2,Mulegé,6200205244,Viviendas que son cuarto de azotea,2020,0.0,Viviendas
3,Baja California Sur,2,Mulegé,6200205245,Viviendas móviles,2020,89.0,Viviendas
3,Baja California Sur,2,Mulegé,6200205246,Viviendas que son departamento en edificio o vivienda en vecindad,2020,883.0,Viviendas
3,Baja California Sur,2,Mulegé,6200205247,Viviendas que son refugio,2020,8.0,Viviendas
3,Baja California Sur,2,Mulegé,6200205248,Viviendas colectivas,2020,34.0,Viviendas
3,Baja California Sur,2,Mulegé,6200205249,Viviendas que son casa independiente o local no construido para habitación,2020,15175.0,Viviendas
3,Baja California Sur,2,Mulegé,6200205251,Promedio de hijos nacidos vivos de las mujeres de 12 años y más casada sólo religiosamente,2020,2.89705882352941,Promedio
3,Baja California Sur,2,Mulegé,6200205252,Población de 5 años y más inmigrante,2020,5518.0,Personas
3,Baja California Sur,2,Mulegé,6200205253,Población total sin limitación en la actividad,2020,52396.0,Personas
3,Baja California Sur,2,Mulegé,6200205254,Población total que no especificó limitación en la actividad,2020,158.0,Personas
3,Baja California Sur,2,Mulegé,6200205255,Porcentaje de la población migrante internacional destino otro país,2020,6.3953488372093,Porcentaje
3,Baja California Sur,2,Mulegé,6200205256,Población de 5 años y más con religión no especificada,2020,77.0,Personas
3,Baja California Sur,2,Mulegé,6200205257,Población de 5 años y más católica,2020,43210.0,Personas
3,Baja California Sur,2,Mulegé,6200205258,Promedio de hijos nacidos vivos de las mujeres de 12 años y más solteras,2020,0.364645201625508,Promedio
3,Baja California Sur,2,Mulegé,6200205259,Población nacida en otro país residente en México,2020,383.0,Personas
3,Baja California Sur,2,Mulegé,6200205260,Población con limitación en la actividad para escuchar,2020,1448.0,Personas
3,Baja California Sur,2,Mulegé,6200205261,Población con limitación en la actividad para hablar o comunicarse,2020,538.0,Personas
3,Baja California Sur,2,Mulegé,6200205263,Población con limitación en la actividad para caminar o moverse,2020,2037.0,Personas
3,Baja California Sur,2,Mulegé,6200205264,Porcentaje de la población migrante internacional destino no especificado,2020,7.55813953488372,Porcentaje
3,Baja California Sur,2,Mulegé,6200205265,Promedio de hijos nacidos vivos de las mujeres de 12 años y más que no especificó estado conyugal,2020,1.5,Promedio
3,Baja California Sur,2,Mulegé,6200205266,Promedio de hijos nacidos vivos de las mujeres de 12 años y más casada civil y religiosamente,2020,3.01762711864407,Promedio
3,Baja California Sur,2,Mulegé,6200205267,Promedio de hijos nacidos vivos de las mujeres de 12 años y más separadas,2020,2.77960526315789,Promedio
3,Baja California Sur,2,Mulegé,6200205268,Población nacida en otro país residente en México hombres,2020,218.0,Personas
3,Baja California Sur,2,Mulegé,6200205269,Población con limitación en la actividad para atender el cuidado personal,2020,276.0,Personas
3,Baja California Sur,2,Mulegé,6200205270,Población con limitación en la actividad para poner atención o aprender,2020,1610.0,Personas
3,Baja California Sur,2,Mulegé,6200205271,Población con limitación en la actividad,2020,7828.0,Personas
3,Baja California Sur,2,Mulegé,6200205272,Porcentaje de población nacida en otro país residente en México,2020,0.598231857798882,Porcentaje
3,Baja California Sur,2,Mulegé,6200205273,Población de 5 años y más con religión distinta de católica,2020,8393.0,Personas
3,Baja California Sur,2,Mulegé,6200205274,Porcentaje de población masculina nacida en otro país residente en México,2020,0.659187808049348,Porcentaje
3,Baja California Sur,2,Mulegé,6200205275,Promedio de hijos nacidos vivos de las mujeres de 12 años y más divorciadas,2020,2.76315789473684,Promedio
3,Baja California Sur,2,Mulegé,6200205276,Promedio de hijos nacidos vivos de las mujeres de 12 años y más en unión libre,2020,2.25029476166414,Promedio
3,Baja California Sur,2,Mulegé,6200205277,Población de 5 años y más emigrante,2020,4720.0,Personas
3,Baja California Sur,2,Mulegé,6200205279,Promedio de hijos nacidos vivos de las mujeres de 12 años y más casada sólo por lo civil,2020,2.67427157778999,Promedio
3,Baja California Sur,2,Mulegé,6200205280,Población con limitación en la actividad para ver,2020,5045.0,Personas
3,Baja California Sur,2,Mulegé,6200205282,Porcentaje de población femenina nacida en otro país residente en México,2020,0.53310070757003,Porcentaje
3,Baja California Sur,2,Mulegé,6200205283,Promedio de hijos nacidos vivos de las mujeres de 12 años y más viudas,2020,4.89162561576355,Promedio
3,Baja California Sur,2,Mulegé,6200205284,Población nacida en otro país residente en México mujeres,2020,165.0,Personas
3,Baja California Sur,2,Mulegé,6200205285,Porcentaje de la población migrante internacional destino Estados Unidos de América,2020,86.046511627907,Porcentaje
3,Baja California Sur,2,Mulegé,6200205286,Población con limitación en la actividad mental,2020,807.0,Personas
3,Baja California Sur,2,Mulegé,6200205288,Índice de masculinidad de la población nacida en otro país residente en México,2020,132.121212121212,Índice
3,Baja California Sur,2,Mulegé,6200205289,Población de 5 años y más sin religión,2020,6550.0,Personas
3,Baja California Sur,2,Mulegé,6200240300,Porcentaje de hombres de 0 a 4 años,2020,4.45925647765678,Porcentaje
3,Baja California Sur,2,Mulegé,6200240301,Población católica,2020,47.024,Miles DE personas
3,Baja California Sur,2,Mulegé,6200240302,Porcentaje de la población de 60 a 84 años con limitación en la actividad,2020,34.0015785319653,Porcentaje
3,Baja California Sur,2,Mulegé,6200240304,Tasa de monolingüismo de la población de 5 años y más hablante de Tojolabal,2020,0.0,Porcentaje
3,Baja California Sur,2,Mulegé,6200240305,Porcentaje de la población que profesa la religión católica,2020,73.449751647871,Porcentaje
3,Baja California Sur,2,Mulegé,6200240310,Porcentaje de mujeres de 75 a 79 años,2020,0.616472649893604,Porcentaje
3,Baja California Sur,2,Mulegé,6200240311,Porcentaje de hombres de 10 a 14 años,2020,4.47177368882213,Porcentaje
3,Baja California Sur,2,Mulegé,6200240312,Porcentaje de mujeres de 5 a 9 años,2020,4.3669420453123,Porcentaje
3,Baja California Sur,2,Mulegé,6200240314,Porcentaje de la población de 15 años y más con instrucción media superior,2020,25.6218958497645,Porcentaje
3,Baja California Sur,2,Mulegé,6200240315,Porcentaje de la población con limitación mental,2020,1.32990557176052,Porcentaje
3,Baja California Sur,2,Mulegé,6200240316,Tasa de monolingüismo de la población de 5 años y más hablante de Maya,2020,0.0,Porcentaje
3,Baja California Sur,2,Mulegé,6200240318,Población de 5 años y más hablante de Tzeltal  (Tseltal),2020,271.0,Personas
3,Baja California Sur,2,Mulegé,6200240319,Tasa de monolingüismo de la población de 5 años y más hablante de Mazateco,2020,0.81743869209809,Porcentaje
3,Baja California Sur,2,Mulegé,6200240320,Población de 5 años y más hablante de Lenguas chinantecas,2020,9.0,Personas
3,Baja California Sur,2,Mulegé,6200240323,Porcentaje de la población derechohabiente en el Seguro popular,2020,19.9531987028302,Porcentaje
3,Baja California Sur,2,Mulegé,6200240325,Tasa de monolingüismo de la población de 5 años y más hablante de Náhuatl,2020,0.71428571428571,Porcentaje
3,Baja California Sur,2,Mulegé,6200240326,Población de 5 años y más hablante de Lenguas zapotecas,2020,306.0,Personas
3,Baja California Sur,2,Mulegé,6200240328,Porcentaje de mujeres de 55 a 59 años,2020,2.24996870697209,Porcentaje
3,Baja California Sur,2,Mulegé,6200240330,Porcentaje de hombres de 75 a 79 años,2020,0.696269871072725,Porcentaje
3,Baja California Sur,2,Mulegé,6200240331,Población de 5 años y más hablante de Maya,2020,7.0,Personas
3,Baja California Sur,2,Mulegé,6200240332,Población de 5 años y más hablante de Otomí,2020,2.0,Personas
3,Baja California Sur,2,Mulegé,6200240334,Población de 5 años y más hablante de Tojolabal,2020,5.0,Personas
3,Baja California Sur,2,Mulegé,6200240341,Porcentaje de mujeres de 40 a 44 años,2020,3.29202653648767,Porcentaje
3,Baja California Sur,2,Mulegé,6200240342,Porcentaje de mujeres de 70 a 74 años,2020,0.921579672049067,Porcentaje
3,Baja California Sur,2,Mulegé,6200240343,Porcentaje de hombres de 15 a 19 años,2020,4.20891225434973,Porcentaje
3,Baja California Sur,2,Mulegé,6200240344,Porcentaje de mujeres de 85 años y más,2020,0.325447490299161,Porcentaje
3,Baja California Sur,2,Mulegé,6200240345,Población de 5 años y más hablante de Mixe,2020,63.0,Personas
3,Baja California Sur,2,Mulegé,6200240354,Porcentaje de mujeres de 10 a 14 años,2020,4.36068343972963,Porcentaje
3,Baja California Sur,2,Mulegé,6200240356,Porcentaje de mujeres de 20 a 24 años,2020,3.6190386781825,Porcentaje
3,Baja California Sur,2,Mulegé,6200240357,Porcentaje de hombres de 35 a 39 años,2020,3.79427963449743,Porcentaje
3,Baja California Sur,2,Mulegé,6200240358,Porcentaje de la población de 0 a 14 años con limitación en la actividad,2020,4.61203600211777,Porcentaje
3,Baja California Sur,2,Mulegé,6200240361,Población de 5 años y más hablante de Mazahua,2020,1.0,Personas
3,Baja California Sur,2,Mulegé,6200240364,Tasa de monolingüismo de la población de 5 años y más hablante de Chatino,2020,0.0,Porcentaje
3,Baja California Sur,2,Mulegé,6200240365,Porcentaje de la población de 15 años y más con instrucción superior,2020,15.1727666105344,Porcentaje
3,Baja California Sur,2,Mulegé,6200240366,Tasa de monolingüismo de la población de 5 años y más hablante de Lenguas mixtecas,2020,2.04429301533219,Porcentaje
3,Baja California Sur,2,Mulegé,6200240367,Porcentaje de la población con limitación para hablar o comunicarse,2020,6.31212082096295,Porcentaje
3,Baja California Sur,2,Mulegé,6200240368,Porcentaje de la población de 15 años y más con instrucción no especificada,2020,0.121501502781745,Porcentaje
3,Baja California Sur,2,Mulegé,6200240377,Porcentaje de mujeres de 45 a 49 años,2020,2.88991112780073,Porcentaje
3,Baja California Sur,2,Mulegé,6200240378,Porcentaje de mujeres de 0 a 4 años,2020,4.43109275253474,Porcentaje
3,Baja California Sur,2,Mulegé,6200240379,Porcentaje de mujeres de 80 a 84 años,2020,0.369257729377895,Porcentaje
3,Baja California Sur,2,Mulegé,6200240381,Tasa de monolingüismo de la población de 5 años y más hablante de Tzotzil (Tsotsil),2020,0.0,Porcentaje
3,Baja California Sur,2,Mulegé,6200240384,Porcentaje de mujeres de 15 a 19 años,2020,3.86938290148955,Porcentaje
3,Baja California Sur,2,Mulegé,6200240386,Población de 5 años y más hablante de Lenguas mixtecas,2020,587.0,Personas
3,Baja California Sur,2,Mulegé,6200240388,Porcentaje de hombres de 65 a 69 años,2020,1.25797972211791,Porcentaje
3,Baja California Sur,2,Mulegé,6200240389,Tasa de crecimiento promedio anual de las viviendas particulares habitadas,2020,1.59313449440239,Tasa
3,Baja California Sur,2,Mulegé,6200240390,Porcentaje de la población con discapacidad por accidente,2020,10.1182293098708,Porcentaje
3,Baja California Sur,2,Mulegé,6200240395,"Viviendas, de cada cien que cuentan con electricidad, agua y drenaje",2020,86.210301990748,Porcentaje
3,Baja California Sur,2,Mulegé,6200240396,Porcentaje de la población de 30 a 59 años con limitación en la actividad,2020,15.250070527546,Porcentaje
3,Baja California Sur,2,Mulegé,6200240397,Tasa de monolingüismo de la población de 5 años y más hablante de Chol (Ch''ol),2020,0.0,Porcentaje
3,Baja California Sur,2,Mulegé,6200240398,Tasa de monolingüismo de la población de 5 años y más hablante de Totonaca (Totonaco),2020,0.0,Porcentaje
3,Baja California Sur,2,Mulegé,6200240407,Índice de envejecimiento,2020,39.6552738396376,Porcentaje
3,Baja California Sur,2,Mulegé,6200240410,Porcentaje de hombres de 60 a 64 años,2020,1.86819376642884,Porcentaje
3,Baja California Sur,2,Mulegé,6200240411,Porcentaje de hombres de 85 años y más,2020,0.309800976342471,Porcentaje
3,Baja California Sur,2,Mulegé,6200240413,Tasa de monolingüismo de la población de 5 años y más hablante de Huasteco,2020,0.0,Porcentaje
3,Baja California Sur,2,Mulegé,6200240414,"Porcentaje de la población derechohabiente en PEMEX, SDN o SM",2020,2.76385613207547,Porcentaje
3,Baja California Sur,2,Mulegé,6200240416,Porcentaje de la población usuaria de servicios de salud en instituciones de servicios médicos privados,2020,0.484596108490566,Porcentaje
3,Baja California Sur,2,Mulegé,6200240421,Porcentaje de la población derechohabiente en el ISSSTE,2020,16.7987175707547,Porcentaje
3,Baja California Sur,2,Mulegé,6200240423,Porcentaje de hombres de 40 a 44 años,2020,3.51107773188134,Porcentaje
3,Baja California Sur,2,Mulegé,6200240424,Tasa de monolingüismo de la población de 5 años y más hablante de Mixe,2020,1.58730158730158,Porcentaje
3,Baja California Sur,2,Mulegé,6200240425,Porcentaje de hombres de 70 a 74 años,2020,0.893415946927025,Porcentaje
3,Baja California Sur,2,Mulegé,6200240426,Porcentaje de mujeres de 60 a 64 años,2020,1.70077606709225,Porcentaje
3,Baja California Sur,2,Mulegé,6200240427,Porcentaje de mujeres de 65 a 69 años,2020,1.22042808862186,Porcentaje
3,Baja California Sur,2,Mulegé,6200240428,Tasa de monolingüismo de la población de 5 años y más hablante de Otomí,2020,0.0,Porcentaje
3,Baja California Sur,2,Mulegé,6200240430,Porcentaje de la población con limitación para caminar y moverse,2020,26.021972406745,Porcentaje
3,Baja California Sur,2,Mulegé,6200240431,Población de 5 años y más hablante de Purépecha (Tarasco),2020,20.0,Personas
3,Baja California Sur,2,Mulegé,6200240432,Tasa de monolingüismo de la población de 5 años y más hablante de Zoque,2020,0.0,Porcentaje
3,Baja California Sur,2,Mulegé,6200240433,Tasa de monolingüismo de la población de 5 años y más hablante de Lenguas zapotecas,2020,0.98039215686274,Porcentaje
3,Baja California Sur,2,Mulegé,6200240434,Población de 5 años y más hablante de Chatino,2020,38.0,Personas
3,Baja California Sur,2,Mulegé,6200240435,Porcentaje de la población con limitación para atender el cuidado personal,2020,3.52580480327031,Porcentaje
3,Baja California Sur,2,Mulegé,6200240443,Porcentaje de mujeres de 35 a 39 años,2020,3.47509074978095,Porcentaje
3,Baja California Sur,2,Mulegé,6200240444,Porcentaje de hombres de 55 a 59 años,2020,2.47371385655276,Porcentaje
3,Baja California Sur,2,Mulegé,6200240445,Porcentaje de hombres de 5 a 9 años,2020,4.50776067092252,Porcentaje
3,Baja California Sur,2,Mulegé,6200240447,Porcentaje de la población de 15 años y más sin instrucción,2020,6.06228550721548,Porcentaje
3,Baja California Sur,2,Mulegé,6200240449,Tasa de monolingüismo de la población de 5 años y más hablante de lengua indígena,2020,1.10367892976588,Porcentaje
3,Baja California Sur,2,Mulegé,6200240450,Porcentaje de la población con limitación para ver,2020,64.4481349003577,Porcentaje
3,Baja California Sur,2,Mulegé,6200240451,Población de 5 años y más hablante de Tarahumara,2020,8.0,Personas
3,Baja California Sur,2,Mulegé,6200240452,Población de 5 años y más hablante de Chol (Ch''ol),2020,2.0,Personas
3,Baja California Sur,2,Mulegé,6200240453,Población de 5 años y más hablante de Totonaca (Totonaco),2020,18.0,Personas
3,Baja California Sur,2,Mulegé,6200240454,Tasa de monolingüismo de la población de 5 años y más hablante de Mazahua,2020,0.0,Porcentaje
3,Baja California Sur,2,Mulegé,6200240458,Porcentaje de la población con discapacidad por edad avanzada,2020,23.1234533956558,Porcentaje
3,Baja California Sur,2,Mulegé,6200240459,Porcentaje de la población con discapacidad por nacimiento,2020,14.8199065163596,Porcentaje
3,Baja California Sur,2,Mulegé,6200240466,Población de 5 años y más hablante de Tlapaneco,2020,59.0,Personas
3,Baja California Sur,2,Mulegé,6200240471,Porcentaje de la población derechohabiente en el IMSS,2020,61.8182488207547,Porcentaje
3,Baja California Sur,2,Mulegé,6200240475,Porcentaje de hombres de 80 a 84 años,2020,0.367693077982226,Porcentaje
3,Baja California Sur,2,Mulegé,6200240477,Porcentaje de la población de 85 y más con limitación en la actividad,2020,27.8325123152709,Porcentaje
3,Baja California Sur,2,Mulegé,6200240478,Porcentaje de la población con limitación para escuchar,2020,18.4977005620848,Porcentaje
3,Baja California Sur,2,Mulegé,6200240479,Porcentaje de la población con limitación para poner atención o aprender,2020,20.5671946857435,Porcentaje
3,Baja California Sur,2,Mulegé,6200240480,Población de 5 años y más hablante de Huasteco,2020,11.0,Personas
3,Baja California Sur,2,Mulegé,6200240481,Población de 5 años y más hablante de Tzotzil (Tsotsil),2020,20.0,Personas
3,Baja California Sur,2,Mulegé,6200240486,Porcentaje de hombres de 25 a 29 años,2020,4.30279133808987,Porcentaje
3,Baja California Sur,2,Mulegé,6200240488,Porcentaje de la población de 15 a 29 años con limitación en la actividad,2020,6.46526466566834,Porcentaje
3,Baja California Sur,2,Mulegé,6200240493,Porcentaje de la población de 5 años y más hablante de lengua indígena,2020,5.13481023527391,Porcentaje
3,Baja California Sur,2,Mulegé,6200240495,Porcentaje de la población con discapacidad por otra causa,2020,15.4797910365686,Porcentaje
3,Baja California Sur,2,Mulegé,6200240496,Población de 5 años y más hablante de Náhuatl,2020,840.0,Personas
3,Baja California Sur,2,Mulegé,6200240497,Población no católica,2020,8311.0,Miles DE personas
3,Baja California Sur,2,Mulegé,6200240499,Porcentaje de la población que profesa la religión protestante y evangélica,2020,12.9377401518228,Porcentaje
3,Baja California Sur,2,Mulegé,6200240507,Porcentaje de mujeres de 50 a 54 años,2020,2.80072599824759,Porcentaje
3,Baja California Sur,2,Mulegé,6200240509,Tasa de monolingüismo de la población de 5 años y más hablante de Tarahumara,2020,0.0,Porcentaje
3,Baja California Sur,2,Mulegé,6200240518,Porcentaje de hombres de 30 a 34 años,2020,4.20265364876705,Porcentaje
3,Baja California Sur,2,Mulegé,6200240520,Porcentaje de hombres de 20 a 24 años,2020,4.1197271247966,Porcentaje
3,Baja California Sur,2,Mulegé,6200240521,Población de 5 años y más hablante de Zoque,2020,3.0,Personas
3,Baja California Sur,2,Mulegé,6200240522,Tasa de monolingüismo de la población de 5 años y más hablante de Purépecha (Tarasco),2020,0.0,Porcentaje
3,Baja California Sur,2,Mulegé,6200240532,Porcentaje de hombres de 45 a 49 años,2020,3.24821629740894,Porcentaje
3,Baja California Sur,2,Mulegé,6200240533,Porcentaje de hombres de 50 a 54 años,2020,2.96814369758418,Porcentaje
3,Baja California Sur,2,Mulegé,6200240534,Tasa de monolingüismo de la población de 5 años y más hablante de Resto de lenguas,2020,2.26628895184136,Porcentaje
3,Baja California Sur,2,Mulegé,6200240535,Población de 5 años y más hablante de Mazateco,2020,367.0,Personas
3,Baja California Sur,2,Mulegé,6200240536,Tasa de monolingüismo de la población de 5 años y más hablante de Tlapaneco,2020,0.0,Porcentaje
3,Baja California Sur,2,Mulegé,6200240537,Tasa de monolingüismo de la población de 5 años y más hablante de Tzeltal (Tseltal),2020,0.0,Porcentaje
3,Baja California Sur,2,Mulegé,6200240538,Población de 5 años y más hablante del Resto de lenguas,2020,353.0,Personas
3,Baja California Sur,2,Mulegé,6200240539,Tasa de monolingüismo de la población de 5 años y más hablante de Lenguas chinantecas,2020,0.0,Porcentaje
3,Baja California Sur,2,Mulegé,6200240540,Porcentaje de la población con discapacidad por enfermedad,2020,39.703051965906,Porcentaje
3,Baja California Sur,2,Mulegé,6200240548,Porcentaje de mujeres de 25 a 29 años,2020,3.91162848917261,Porcentaje
3,Baja California Sur,2,Mulegé,6200240549,Porcentaje de mujeres de 30 a 34 años,2020,3.91788709475529,Porcentaje
3,Baja California Sur,2,Mulegé,6205370864,Porcentaje de población que se considera afrodescendiente,2020,1.79469557339665,Porcentaje
3,Baja California Sur,2,Mulegé,6207019007,Porcentaje de la población de 12 años y más viuda,2020,3.77775565070198,Porcentaje
3,Baja California Sur,2,Mulegé,6207019009,Porcentaje de la población de 12 años y más casada,2020,34.5354973613462,Porcentaje
3,Baja California Sur,2,Mulegé,6207019010,Porcentaje de población de 25 años y más alfabeta,2020,95.0195630909684,Porcentaje
3,Baja California Sur,2,Mulegé,6207019011,Porcentaje de la población de 12 años y más soltera,2020,30.3534800358459,Porcentaje
3,Baja California Sur,2,Mulegé,6207019012,Porcentaje de la población de 12 años y más separada,2020,5.31116200338544,Porcentaje
3,Baja California Sur,2,Mulegé,6207019016,Porcentaje de la población de 12 años y más divorciada,2020,2.01334262670517,Porcentaje
3,Baja California Sur,2,Mulegé,6207019017,Porcentaje de población afiliada a otra institución,2020,0.624631485849057,Porcentaje
3,Baja California Sur,2,Mulegé,6207019018,Porcentaje de población afiliada a servicios de salud,2020,84.7708600168692,Porcentaje
3,Baja California Sur,2,Mulegé,6207019019,Porcentaje de la población de 12 años y más en unión libre,2020,23.962959275117,Porcentaje
3,Baja California Sur,2,Mulegé,6207019020,Porcentaje de población de 15 años y más sin escolaridad,2020,5.54643702172106,Porcentaje
3,Baja California Sur,2,Mulegé,6207019022,Porcentaje de viviendas particulares habitadas propias,2020,71.0945746252903,Porcentaje
3,Baja California Sur,2,Mulegé,6207019023,Porcentaje de hijos fallecidos de las mujeres de 15 a 49 años,2020,3.24430251124982,Porcentaje
3,Baja California Sur,2,Mulegé,6207019024,Porcentaje de la población de 3 a 5 años que asiste a la escuela,2020,62.630709961475,Porcentaje
3,Baja California Sur,2,Mulegé,6207019026,Porcentaje de la población de 6 a 11 años que asiste a la escuela,2020,95.4625292740047,Porcentaje
3,Baja California Sur,2,Mulegé,6207019028,Porcentaje de la población de 12 a 14 años que asiste a la escuela,2020,92.0956995760145,Porcentaje
3,Baja California Sur,2,Mulegé,6207019029,Porcentaje de la población de 15 a 24 años que asiste a la escuela,2020,37.9859531110891,Porcentaje
3,Baja California Sur,2,Mulegé,6207019030,Porcentaje de población de 12 años y más económicamente activa,2020,65.8169869560888,Porcentaje
3,Baja California Sur,2,Mulegé,6207019031,Porcentaje de población de 15 años y más con escolaridad básica,2020,53.5373990151984,Porcentaje
3,Baja California Sur,2,Mulegé,6207019034,Porcentaje de población de 3 años y más hablante de lengua indígena,2020,4.94223892157348,Porcentaje
3,Baja California Sur,2,Mulegé,6207019035,Porcentaje de la población de 12 años y más No Económicamente Activa,2020,33.8165886687245,Porcentaje
3,Baja California Sur,2,Mulegé,6207019036,Promedio de hijos nacidos vivos de las mujeres de 15 a 49 años EI2015,2020,1.72799097065463,Promedio
3,Baja California Sur,2,Mulegé,6207019039,Porcentaje de la población de 12 años y más económicamente activa ocupada,2020,98.750378214826,Porcentaje
3,Baja California Sur,2,Mulegé,6207019040,Porcentaje de la población femenina de 12 años y más económicamente activa,2020,38.8169440242057,Porcentaje
3,Baja California Sur,2,Mulegé,6207019042,Porcentaje de viviendas particulares habitadas que disponen de Internet,2020,50.8186496179635,Porcentaje
3,Baja California Sur,2,Mulegé,6207019043,Porcentaje de la población masculina de 12 años y más económicamente activa,2020,61.1830559757943,Porcentaje
3,Baja California Sur,2,Mulegé,6207019046,Porcentaje de viviendas particulares habitadas que disponen de computadora,2020,40.8389209418369,Porcentaje
3,Baja California Sur,2,Mulegé,6207019047,Porcentaje de la población de 12 años y más no económicamente activa que estudia,2020,34.6622695954302,Porcentaje
3,Baja California Sur,2,Mulegé,6207019050,Porcentaje de viviendas particulares habitadas que disponen de teléfono fijo,2020,33.6659909558709,Porcentaje
3,Baja California Sur,2,Mulegé,6207019051,Porcentaje de la población de 12 años y más sin especificar su situación conyugal,2020,0.0458030468983371,Porcentaje
3,Baja California Sur,2,Mulegé,6207019054,Porcentaje de la población femenina de 12 años y más económicamente activa ocupada,2020,99.1269779406033,Porcentaje
3,Baja California Sur,2,Mulegé,6207019055,Porcentaje de viviendas particulares habitadas que disponen de teléfono celular,2020,92.7387078330475,Porcentaje
3,Baja California Sur,2,Mulegé,6207019056,Porcentaje de la población masculina de 12 años y más económicamente activa ocupada,2020,98.5114484941398,Porcentaje
3,Baja California Sur,2,Mulegé,6207019057,Porcentaje de viviendas particulares habitadas que disponen de televisión de paga,2020,64.8734341701752,Porcentaje
3,Baja California Sur,2,Mulegé,6207019058,Porcentaje de población de 3 años y más hablante de lengua indígena que no habla español,2020,1.16705568522841,Porcentaje
3,Baja California Sur,2,Mulegé,6207019059,Porcentaje de población de 12 años con condición de actividad económica no especificada,2020,0.366424375186697,Porcentaje
3,Baja California Sur,2,Mulegé,6207019060,Porcentaje de la población de 12 años y más no económicamente activa que es pensionada o jubilada,2020,11.913314881338,Porcentaje
3,Baja California Sur,2,Mulegé,6207019063,Porcentaje de superficie en el ámbito geográfico de referencia respecto a la unidad geográfica superior,2020,43.3096100458797,Porcentaje
3,Baja California Sur,2,Mulegé,6207019064,Porcentaje de la población de 12 años y más no económicamente activa que se dedica a los quehaceres del hogar,2020,40.044755903657,Porcentaje
3,Baja California Sur,2,Mulegé,6207019065,Porcentaje de la población de 12 años y más no económicamente activa que realiza otras actividades no económicas,2020,9.85807667392969,Porcentaje
3,Baja California Sur,2,Mulegé,6207019070,Porcentaje de la población de 12 años y más no económicamente activa con alguna limitación física o mental que les impide trabajar,2020,3.52158294564513,Porcentaje
3,Baja California Sur,2,Mulegé,6207020032,Porcentaje de hombres,2020,51.6556808597045,Porcentaje
3,Baja California Sur,2,Mulegé,6207020033,Porcentaje de mujeres,2020,48.3443191402955,Porcentaje
3,Baja California Sur,2,Mulegé,6207020035,Promedio de ocupantes por cuarto (Índice de hacinamiento),2020,0.979727395496373,Promedio
3,Baja California Sur,2,Mulegé,6207049066,Población de 6 a 14 años que sabe leer y escribir,2020,8861.0,Porcentaje
3,Baja California Sur,2,Mulegé,6207049067,Población de 6 a 14 años que no sabe leer y escribir,2020,1244.0,Porcentaje
3,Baja California Sur,2,Mulegé,6207049068,Porcentaje de la población de 3 años y más que asiste a la escuela,2020,26.6640299269953,Porcentaje
3,Baja California Sur,2,Mulegé,6207049069,Porcentaje de la población de 3 años y más que no asiste a la escuela,2020,73.2733475058091,Porcentaje
3,Baja California Sur,2,Mulegé,6207049070,Población de 6 a 14 años que no especificó si sabe o no leer y escribir,2020,29.0,Porcentaje
3,Baja California Sur,2,Mulegé,6207049071,Porcentaje de la población de 3 años y más que no especificó si asiste o no a la escuela,2020,0.0626225671956626,Porcentaje
3,Baja California Sur,2,Mulegé,6207051593,Porcentaje de población de 6 a 14 años que no asiste a la escuela,2020,5.62463,Porcentaje
3,Baja California Sur,2,Mulegé,6207068394,Porcentaje de viviendas con agua entubada dentro de la vivienda,2020,73.4237746244607,Porcentaje
3,Baja California Sur,2,Mulegé,6207129629,Porcentaje de la población nacional/estatal que representa,2020,8.01831555507128,Porcentaje
3,Baja California Sur,2,Mulegé,6207129630,Promedio de ocupantes por dormitorio,2020,1.7451051689416,Promedio
3,Baja California Sur,2,Mulegé,6207129631,Porcentaje de viviendas particulares habitadas que disponen de tinaco,2020,71.8488486927595,Porcentaje
3,Baja California Sur,2,Mulegé,6207129632,Porcentaje de viviendas particulares habitadas que disponen de cisterna o aljibe,2020,16.7108477571599,Porcentaje
3,Baja California Sur,2,Mulegé,6207129635,Porcentaje de viviendas particulares habitadas que disponen de Automóvil o camioneta,2020,68.943292270908,Porcentaje
3,Baja California Sur,2,Mulegé,6207129636,Porcentaje de viviendas particulares habitadas que disponen de motocicleta o motoneta,2020,5.86828837257654,Porcentaje
3,Baja California Sur,2,Mulegé,6207129637,Porcentaje de viviendas particulares habitadas que disponen de bicicleta como medio de transporte,2020,15.4997661001092,Porcentaje
3,Baja California Sur,2,Mulegé,6207129638,Porcentaje de la población con algún tipo de  discapacidad,2020,5.20133704039237,Porcentaje
3,Baja California Sur,2,Mulegé,6207129639,Porcentaje de la población entre 0 y 17 años con algún tipo de  discapacidad,2020,2.49987673191657,Porcentaje
3,Baja California Sur,2,Mulegé,6207129640,Porcentaje de la población entre 18 y 29 años con algún tipo de  discapacidad,2020,1.95412768071541,Porcentaje
3,Baja California Sur,2,Mulegé,6207129641,Porcentaje de la población entre 30 y 59 años con algún tipo de  discapacidad,2020,4.28001450852376,Porcentaje
3,Baja California Sur,2,Mulegé,6207129642,Porcentaje de la población de 60 años y más con algún tipo de  discapacidad,2020,22.6227562676161,Porcentaje
3,Baja California Sur,2,Mulegé,6207129643,Porcentaje de la población de 5 y más años migrante según causa: Trabajo,2020,54.3357329842932,Porcentaje
3,Baja California Sur,2,Mulegé,6207129644,Porcentaje de la población de 5 y más años migrante según causa: Familiar,2020,35.0785340314136,Porcentaje
3,Baja California Sur,2,Mulegé,6207129645,Porcentaje de la población de 5 y más años migrante según causa: Educativa,2020,3.84489528795812,Porcentaje
3,Baja California Sur,2,Mulegé,6207129646,Porcentaje de la población de 5 y más años migrante según causa: Inseguridad delictiva o violencia,2020,0.425392670157068,Porcentaje
3,Baja California Sur,2,Mulegé,6207129647,Porcentaje de la población de 5 y más años migrante según causa: Otra causa,2020,5.21924083769634,Porcentaje
3,Baja California Sur,2,Mulegé,6207129648,Promedio de hijos nacidos vivos por grupo de edad: 15-19,2020,0.154313487241798,Promedio
3,Baja California Sur,2,Mulegé,6207129649,Promedio de hijos nacidos vivos por grupo de edad: 20-24,2020,0.907399394201644,Promedio
3,Baja California Sur,2,Mulegé,6207129650,Promedio de hijos nacidos vivos por grupo de edad: 25-29,2020,1.51862234681618,Promedio
3,Baja California Sur,2,Mulegé,6207129651,Promedio de hijos nacidos vivos por grupo de edad: 30-34,2020,2.06552137435078,Promedio
3,Baja California Sur,2,Mulegé,6207129652,Promedio de hijos nacidos vivos por grupo de edad: 35-39,2020,2.4045045045045,Promedio
3,Baja California Sur,2,Mulegé,6207129653,Promedio de hijos nacidos vivos por grupo de edad: 40-44,2020,2.67015209125475,Promedio
3,Baja California Sur,2,Mulegé,6207129654,Promedio de hijos nacidos vivos por grupo de edad: 45-49,2020,2.79934924078091,Promedio
3,Baja California Sur,2,Mulegé,6207129812,Porcentaje de viviendas particulares habitadas que disponen de refrigerador,2020,84.9680336815843,Porcentaje
3,Baja California Sur,2,Mulegé,6207129813,Porcentaje de viviendas particulares habitadas que disponen de lavadora,2020,67.025313165965,Porcentaje
3,Baja California Sur,2,Mulegé,6207129818,Porcentaje de la población derechohabiente en Instituto de Salud para el Bienestar (IMSS-PROSPERA o IMSS-BIENESTAR),2020,0.152933372641509,Porcentaje
3,Baja California Sur,2,Mulegé,6207129822,Ubicación geográfica con la mayor cantidad de pobladores. Primer lugar,2020,30020001.0,No aplica
3,Baja California Sur,2,Mulegé,6207129825,Población de la ubicación geográfica con la mayor cantidad de pobladores. Primer lugar,2020,14357.0,Personas
3,Baja California Sur,2,Mulegé,6207129828,Lengua indígena más frecuente. Descripción. Primer lugar,2020,211.0,No aplica
3,Baja California Sur,2,Mulegé,6207129830,Lengua indígena más frecuente. Porcentaje. Primer lugar,2020,28.5230352303523,Porcentaje
3,Baja California Sur,2,Mulegé,6207129840,Total de áreas geográficas,2020,381.0,Municipios
3,Baja California Sur,3,La Paz,1001000001,Superficie continental,2020,15413.73688995,Kilómetros cuadrados
3,Baja California Sur,3,La Paz,1002000001,Población total,2020,292241.0,Personas
3,Baja California Sur,3,La Paz,1002000002,Población total hombres,2020,145803.0,Personas
3,Baja California Sur,3,La Paz,1002000003,Población total mujeres,2020,146438.0,Personas
3,Baja California Sur,3,La Paz,1002000004,Porcentaje de población de 15 a 29 años,2020,24.1514122819964,Porcentaje
3,Baja California Sur,3,La Paz,1002000005,Porcentaje de hombres de 15 a 29 años,2020,24.687484950431,Porcentaje
3,Baja California Sur,3,La Paz,1002000006,Porcentaje de mujeres de 15 a 29 años,2020,23.6176567295046,Porcentaje
3,Baja California Sur,3,La Paz,1002000007,Porcentaje de población de 60 y más años,2020,12.7917154360757,Porcentaje
3,Baja California Sur,3,La Paz,1002000008,Porcentaje de hombres de 60 y más años,2020,12.2144021795216,Porcentaje
3,Baja California Sur,3,La Paz,1002000009,Porcentaje de mujeres de 60 y más años,2020,13.3665333187199,Porcentaje
3,Baja California Sur,3,La Paz,1002000010,Edad mediana,2020,32.0,Años
3,Baja California Sur,3,La Paz,1002000011,Edad mediana hombres,2020,31.0,Años
3,Baja California Sur,3,La Paz,1002000012,Edad mediana mujeres,2020,32.0,Años
3,Baja California Sur,3,La Paz,1002000013,Promedio de hijos nacidos vivos de las mujeres de 12 años y más,2020,1.8778423676322,Promedio
3,Baja California Sur,3,La Paz,1002000014,Población en hogares censales,2020,290063.0,Personas
3,Baja California Sur,3,La Paz,1002000015,Población en hogares familiares,2020,273046.0,Personas
3,Baja California Sur,3,La Paz,1002000016,Población en hogares no familiares,2020,16156.0,Personas
3,Baja California Sur,3,La Paz,1002000018,Hogares censales,2020,91287.0,Hogares
3,Baja California Sur,3,La Paz,1002000019,Hogares con jefatura masculina,2020,60251.0,Hogares
3,Baja California Sur,3,La Paz,1002000020,Hogares con jefatura femenina,2020,31036.0,Hogares
3,Baja California Sur,3,La Paz,1002000021,Tamaño promedio de los hogares censales,2020,3.17748419818813,Personas
3,Baja California Sur,3,La Paz,1002000022,Tamaño promedio de los hogares con jefe hombre,2020,3.29481668354052,Personas
3,Baja California Sur,3,La Paz,1002000023,Tamaño promedio de los hogares con jefe mujer,2020,2.94970357004769,Personas
3,Baja California Sur,3,La Paz,1002000024,Relación hombres-mujeres,2020,99.5663693849957,Hombres por cada 100 mujeres
3,Baja California Sur,3,La Paz,1002000041,Porcentaje de personas de 15 años y más alfabetas,2020,98.0245663467465,Porcentaje
3,Baja California Sur,3,La Paz,1002000050,Tasa de alfabetización de las personas de 15 a 24 años,2020,99.131133331924,Tasa
3,Baja California Sur,3,La Paz,1002000055,Población de edad no especificada,2020,904.0,Personas
3,Baja California Sur,3,La Paz,1002000056,Población de edad no especificada. Hombres,2020,450.0,Personas
3,Baja California Sur,3,La Paz,1002000057,Población de edad no especificada. Mujeres,2020,454.0,Personas
3,Baja California Sur,3,La Paz,1002000058,Población de 0 a 4 años,2020,19265.0,Personas
3,Baja California Sur,3,La Paz,1002000059,Población de 0 a 4 años. Hombres,2020,9693.0,Personas
3,Baja California Sur,3,La Paz,1002000060,Población de 0 a 4 años. Mujeres,2020,9572.0,Personas
3,Baja California Sur,3,La Paz,1002000061,Población de 10 a 14 años,2020,22834.0,Personas
3,Baja California Sur,3,La Paz,1002000062,Población de 10 a 14 años. Hombres,2020,11574.0,Personas
3,Baja California Sur,3,La Paz,1002000063,Población de 10 a 14 años. Mujeres,2020,11260.0,Personas
3,Baja California Sur,3,La Paz,1002000064,Población de 100 años y más,2020,28.0,Personas
3,Baja California Sur,3,La Paz,1002000065,Población de 100 años y más. Hombres,2020,7.0,Personas
3,Baja California Sur,3,La Paz,1002000066,Población de 100 años y más. Mujeres,2020,21.0,Personas
3,Baja California Sur,3,La Paz,1002000067,Población de 15 a 19 años,2020,23651.0,Personas
3,Baja California Sur,3,La Paz,1002000068,Población de 15 a 19 años. Hombres,2020,12251.0,Personas
3,Baja California Sur,3,La Paz,1002000069,Población de 15 a 19 años. Mujeres,2020,11400.0,Personas
3,Baja California Sur,3,La Paz,1002000070,Población de 20 a 24 años,2020,23652.0,Personas
3,Baja California Sur,3,La Paz,1002000071,Población de 20 a 24 años. Hombres,2020,12039.0,Personas
3,Baja California Sur,3,La Paz,1002000072,Población de 20 a 24 años. Mujeres,2020,11613.0,Personas
3,Baja California Sur,3,La Paz,1002000073,Población de 25 a 29 años,2020,23059.0,Personas
3,Baja California Sur,3,La Paz,1002000074,Población de 25 a 29 años. Hombres,2020,11594.0,Personas
3,Baja California Sur,3,La Paz,1002000075,Población de 25 a 29 años. Mujeres,2020,11465.0,Personas
3,Baja California Sur,3,La Paz,1002000076,Población de 30 a 34 años,2020,22950.0,Personas
3,Baja California Sur,3,La Paz,1002000077,Población de 30 a 34 años. Hombres,2020,11581.0,Personas
3,Baja California Sur,3,La Paz,1002000078,Población de 30 a 34 años. Mujeres,2020,11369.0,Personas
3,Baja California Sur,3,La Paz,1002000079,Población de 35 a 39 años,2020,22571.0,Personas
3,Baja California Sur,3,La Paz,1002000080,Población de 35 a 39 años. Hombres,2020,11354.0,Personas
3,Baja California Sur,3,La Paz,1002000081,Población de 35 a 39 años. Mujeres,2020,11217.0,Personas
3,Baja California Sur,3,La Paz,1002000082,Población de 40 a 44 años,2020,21510.0,Personas
3,Baja California Sur,3,La Paz,1002000083,Población de 40 a 44 años. Hombres,2020,10731.0,Personas
3,Baja California Sur,3,La Paz,1002000084,Población de 40 a 44 años. Mujeres,2020,10779.0,Personas
3,Baja California Sur,3,La Paz,1002000085,Población de 45 a 49 años,2020,19828.0,Personas
3,Baja California Sur,3,La Paz,1002000086,Población de 45 a 49 años. Hombres,2020,9852.0,Personas
3,Baja California Sur,3,La Paz,1002000087,Población de 45 a 49 años. Mujeres,2020,9976.0,Personas
3,Baja California Sur,3,La Paz,1002000088,Población de 5 a 9 años,2020,22098.0,Personas
3,Baja California Sur,3,La Paz,1002000089,Población de 5 a 9 años. Hombres,2020,11194.0,Personas
3,Baja California Sur,3,La Paz,1002000090,Población de 5 a 9 años. Mujeres,2020,10904.0,Personas
3,Baja California Sur,3,La Paz,1002000091,Población de 50 a 54 años,2020,17797.0,Personas
3,Baja California Sur,3,La Paz,1002000092,Población de 50 a 54 años. Hombres,2020,8653.0,Personas
3,Baja California Sur,3,La Paz,1002000093,Población de 50 a 54 años. Mujeres,2020,9144.0,Personas
3,Baja California Sur,3,La Paz,1002000094,Población de 55 a 59 años,2020,14855.0,Personas
3,Baja California Sur,3,La Paz,1002000095,Población de 55 a 59 años. Hombres,2020,7083.0,Número de personas
3,Baja California Sur,3,La Paz,1002000096,Población de 55 a 59 años. Mujeres,2020,7772.0,Número de personas
3,Baja California Sur,3,La Paz,1002000097,Población de 60 a 64 años,2020,13158.0,Personas
3,Baja California Sur,3,La Paz,1002000098,Población de 60 a 64 años. Hombres,2020,6399.0,Número de personas
3,Baja California Sur,3,La Paz,1002000099,Población de 60 a 64 años. Mujeres,2020,6759.0,Número de personas
3,Baja California Sur,3,La Paz,1002000100,Población de 65 a 69 años,2020,9495.0,Personas
3,Baja California Sur,3,La Paz,1002000101,Población de 65 a 69 años. Hombres,2020,4659.0,Número de personas
3,Baja California Sur,3,La Paz,1002000102,Población de 65 a 69 años. Mujeres,2020,4836.0,Número de personas
3,Baja California Sur,3,La Paz,1002000103,Población de 70 a 74 años,2020,6254.0,Personas
3,Baja California Sur,3,La Paz,1002000104,Población de 70 a 74 años. Hombres,2020,2977.0,Número de personas
3,Baja California Sur,3,La Paz,1002000105,Población de 70 a 74 años. Mujeres,2020,3277.0,Número de personas
3,Baja California Sur,3,La Paz,1002000106,Población de 75 a 79 años,2020,4019.0,Personas
3,Baja California Sur,3,La Paz,1002000107,Población de 75 a 79 años. Hombres,2020,1915.0,Número de personas
3,Baja California Sur,3,La Paz,1002000108,Población de 75 a 79 años. Mujeres,2020,2104.0,Número de personas
3,Baja California Sur,3,La Paz,1002000109,Población de 80 a 84 años,2020,2328.0,Personas
3,Baja California Sur,3,La Paz,1002000110,Población de 80 a 84 años. Hombres,2020,991.0,Número de personas
3,Baja California Sur,3,La Paz,1002000111,Población de 80 a 84 años. Mujeres,2020,1337.0,Número de personas
3,Baja California Sur,3,La Paz,1002000112,Población de 85 a 89 años,2020,1320.0,Personas
3,Baja California Sur,3,La Paz,1002000113,Población de 85 a 89 años. Hombres,2020,565.0,Número de personas
3,Baja California Sur,3,La Paz,1002000114,Población de 85 a 89 años. Mujeres,2020,755.0,Número de personas
3,Baja California Sur,3,La Paz,1002000115,Población de 90 a 94 años,2020,497.0,Personas
3,Baja California Sur,3,La Paz,1002000116,Población de 90 a 94 años. Hombres,2020,190.0,Número de personas
3,Baja California Sur,3,La Paz,1002000117,Población de 90 a 94 años. Mujeres,2020,307.0,Número de personas
3,Baja California Sur,3,La Paz,1002000118,Población de 95 a 99 años,2020,168.0,Personas
3,Baja California Sur,3,La Paz,1002000119,Población de 95 a 99 años. Hombres,2020,51.0,Número de personas
3,Baja California Sur,3,La Paz,1002000120,Población de 95 a 99 años. Mujeres,2020,117.0,Número de personas
3,Baja California Sur,3,La Paz,1002000127,Relación de dependencia,2020,43.4938506927514,Personas dependientes por cada 100 personas en edad de trabajar
3,Baja California Sur,3,La Paz,1003000001,Total de viviendas particulares habitadas,2020,91287.0,Viviendas
3,Baja California Sur,3,La Paz,1003000011,Viviendas particulares habitadas,2020,86927.0,Número de Viviendas
3,Baja California Sur,3,La Paz,1003000015,Promedio de ocupantes en viviendas particulares habitadas,2020,3.17999077308377,Promedio
3,Baja California Sur,3,La Paz,1003000017,Viviendas particulares habitadas que disponen de energía eléctrica,2020,89585.0,Viviendas
3,Baja California Sur,3,La Paz,1003000018,Viviendas particulares habitadas que disponen de agua de la red pública en el ámbito de la vivienda,2020,88540.0,Viviendas
3,Baja California Sur,3,La Paz,1003000019,Viviendas particulares habitadas que disponen de drenaje,2020,89503.0,Viviendas
3,Baja California Sur,3,La Paz,1003000020,Viviendas particulares habitadas que disponen de excusado o sanitario,2020,90079.0,Viviendas
3,Baja California Sur,3,La Paz,1003000023,Viviendas particulares habitadas que disponen de lavadora,2020,68316.0,Viviendas
3,Baja California Sur,3,La Paz,1003000024,Viviendas particulares habitadas que disponen de computadora,2020,49535.0,Viviendas
3,Baja California Sur,3,La Paz,1004000001,Población derechohabiente a servicios de salud,2020,249591.0,Personas
3,Baja California Sur,3,La Paz,1005000012,Población de 5 años y más que asiste a la escuela,2020,75085.0,Personas
3,Baja California Sur,3,La Paz,1005000038,Grado promedio de escolaridad de la población de 15 y más años,2020,11.0650318181617,Años de escolaridad
3,Baja California Sur,3,La Paz,1005000039,Población de 5 años y más hablante de lengua indígena,2020,3155.0,Personas
3,Baja California Sur,3,La Paz,3104003001,Porcentaje de población inmigrante (migración reciente),2020,5.64919360821377,Porcentaje
3,Baja California Sur,3,La Paz,3105001001,Densidad de población,2020,18.959776080682,Habitantes por kilómetro cuadrado
3,Baja California Sur,3,La Paz,3105004001,Porcentaje de población en localidades de menos de 2 500 habitantes,2020,7.32101245205156,Porcentaje
3,Baja California Sur,3,La Paz,3108001001,Porcentaje de analfabetas total,2020,1.77995949634587,Porcentaje
3,Baja California Sur,3,La Paz,3108001002,Porcentaje de analfabetas hombres,2020,1.68745349537611,Porcentaje
3,Baja California Sur,3,La Paz,3108001003,Porcentaje de analfabetas mujeres,2020,1.87136755129193,Porcentaje
3,Baja California Sur,3,La Paz,3114004001,Porcentaje de viviendas con piso de tierra,2020,2.03870911048134,Porcentaje
3,Baja California Sur,3,La Paz,3114006001,Porcentaje de viviendas con electricidad,2020,98.4039631802105,Porcentaje
3,Baja California Sur,3,La Paz,6200031290,Porcentaje de viviendas particulares habitadas con disponibilidad de drenaje,2020,98.3138909027,Porcentaje
3,Baja California Sur,3,La Paz,6200031291,Porcentaje de viviendas particulares habitadas con disponibilidad de excusado,2020,98.9465937300907,Porcentaje
3,Baja California Sur,3,La Paz,6200108938,Porcentaje de viviendas con techos de materiales resistentes,2020,90.0226857743595,Porcentaje
3,Baja California Sur,3,La Paz,6200205238,Población de 8 a 14 años que sabe leer y escribir,2020,31146.0,Personas
3,Baja California Sur,3,La Paz,6200205244,Viviendas que son cuarto de azotea,2020,2.0,Viviendas
3,Baja California Sur,3,La Paz,6200205245,Viviendas móviles,2020,83.0,Viviendas
3,Baja California Sur,3,La Paz,6200205246,Viviendas que son departamento en edificio o vivienda en vecindad,2020,3566.0,Viviendas
3,Baja California Sur,3,La Paz,6200205247,Viviendas que son refugio,2020,36.0,Viviendas
3,Baja California Sur,3,La Paz,6200205248,Viviendas colectivas,2020,79.0,Viviendas
3,Baja California Sur,3,La Paz,6200205249,Viviendas que son casa independiente o local no construido para habitación,2020,78375.0,Viviendas
3,Baja California Sur,3,La Paz,6200205251,Promedio de hijos nacidos vivos de las mujeres de 12 años y más casada sólo religiosamente,2020,2.59136690647482,Promedio
3,Baja California Sur,3,La Paz,6200205252,Población de 5 años y más inmigrante,2020,18580.0,Personas
3,Baja California Sur,3,La Paz,6200205253,Población total sin limitación en la actividad,2020,235733.0,Personas
3,Baja California Sur,3,La Paz,6200205254,Población total que no especificó limitación en la actividad,2020,1249.0,Personas
3,Baja California Sur,3,La Paz,6200205255,Porcentaje de la población migrante internacional destino otro país,2020,32.4114088159032,Porcentaje
3,Baja California Sur,3,La Paz,6200205256,Población de 5 años y más con religión no especificada,2020,464.0,Personas
3,Baja California Sur,3,La Paz,6200205257,Población de 5 años y más católica,2020,214074.0,Personas
3,Baja California Sur,3,La Paz,6200205258,Promedio de hijos nacidos vivos de las mujeres de 12 años y más solteras,2020,0.37072966099473,Promedio
3,Baja California Sur,3,La Paz,6200205259,Población nacida en otro país residente en México,2020,3720.0,Personas
3,Baja California Sur,3,La Paz,6200205260,Población con limitación en la actividad para escuchar,2020,6622.0,Personas
3,Baja California Sur,3,La Paz,6200205261,Población con limitación en la actividad para hablar o comunicarse,2020,1946.0,Personas
3,Baja California Sur,3,La Paz,6200205263,Población con limitación en la actividad para caminar o moverse,2020,10749.0,Personas
3,Baja California Sur,3,La Paz,6200205264,Porcentaje de la población migrante internacional destino no especificado,2020,7.08729472774417,Porcentaje
3,Baja California Sur,3,La Paz,6200205265,Promedio de hijos nacidos vivos de las mujeres de 12 años y más que no especificó estado conyugal,2020,2.33333333333333,Promedio
3,Baja California Sur,3,La Paz,6200205266,Promedio de hijos nacidos vivos de las mujeres de 12 años y más casada civil y religiosamente,2020,2.69170413875379,Promedio
3,Baja California Sur,3,La Paz,6200205267,Promedio de hijos nacidos vivos de las mujeres de 12 años y más separadas,2020,2.56023519759333,Promedio
3,Baja California Sur,3,La Paz,6200205268,Población nacida en otro país residente en México hombres,2020,1992.0,Personas
3,Baja California Sur,3,La Paz,6200205269,Población con limitación en la actividad para atender el cuidado personal,2020,1459.0,Personas
3,Baja California Sur,3,La Paz,6200205270,Población con limitación en la actividad para poner atención o aprender,2020,8373.0,Personas
3,Baja California Sur,3,La Paz,6200205271,Población con limitación en la actividad,2020,38052.0,Personas
3,Baja California Sur,3,La Paz,6200205272,Porcentaje de población nacida en otro país residente en México,2020,1.27292200615246,Porcentaje
3,Baja California Sur,3,La Paz,6200205273,Población de 5 años y más con religión distinta de católica,2020,29456.0,Personas
3,Baja California Sur,3,La Paz,6200205274,Porcentaje de población masculina nacida en otro país residente en México,2020,1.36622703236559,Porcentaje
3,Baja California Sur,3,La Paz,6200205275,Promedio de hijos nacidos vivos de las mujeres de 12 años y más divorciadas,2020,2.40008960573477,Promedio
3,Baja California Sur,3,La Paz,6200205276,Promedio de hijos nacidos vivos de las mujeres de 12 años y más en unión libre,2020,2.01674209957143,Promedio
3,Baja California Sur,3,La Paz,6200205277,Población de 5 años y más emigrante,2020,11150.0,Personas
3,Baja California Sur,3,La Paz,6200205279,Promedio de hijos nacidos vivos de las mujeres de 12 años y más casada sólo por lo civil,2020,2.37751734357109,Promedio
3,Baja California Sur,3,La Paz,6200205280,Población con limitación en la actividad para ver,2020,24060.0,Personas
3,Baja California Sur,3,La Paz,6200205282,Porcentaje de población femenina nacida en otro país residente en México,2020,1.18002157909832,Porcentaje
3,Baja California Sur,3,La Paz,6200205283,Promedio de hijos nacidos vivos de las mujeres de 12 años y más viudas,2020,4.49725870202729,Promedio
3,Baja California Sur,3,La Paz,6200205284,Población nacida en otro país residente en México mujeres,2020,1728.0,Personas
3,Baja California Sur,3,La Paz,6200205285,Porcentaje de la población migrante internacional destino Estados Unidos de América,2020,60.5012964563526,Porcentaje
3,Baja California Sur,3,La Paz,6200205286,Población con limitación en la actividad mental,2020,4288.0,Personas
3,Baja California Sur,3,La Paz,6200205288,Índice de masculinidad de la población nacida en otro país residente en México,2020,115.277777777778,Índice
3,Baja California Sur,3,La Paz,6200205289,Población de 5 años y más sin religión,2020,28078.0,Personas
3,Baja California Sur,3,La Paz,6200240300,Porcentaje de hombres de 0 a 4 años,2020,3.32707483086597,Porcentaje
3,Baja California Sur,3,La Paz,6200240301,Población católica,2020,228.451,Miles DE personas
3,Baja California Sur,3,La Paz,6200240302,Porcentaje de la población de 60 a 84 años con limitación en la actividad,2020,31.1595847279741,Porcentaje
3,Baja California Sur,3,La Paz,6200240304,Tasa de monolingüismo de la población de 5 años y más hablante de Tojolabal,2020,0.0,Porcentaje
3,Baja California Sur,3,La Paz,6200240305,Porcentaje de la población que profesa la religión católica,2020,78.1721250611653,Porcentaje
3,Baja California Sur,3,La Paz,6200240310,Porcentaje de mujeres de 75 a 79 años,2020,0.722187707019706,Porcentaje
3,Baja California Sur,3,La Paz,6200240311,Porcentaje de hombres de 10 a 14 años,2020,3.97271887882418,Porcentaje
3,Baja California Sur,3,La Paz,6200240312,Porcentaje de mujeres de 5 a 9 años,2020,3.74274465653178,Porcentaje
3,Baja California Sur,3,La Paz,6200240314,Porcentaje de la población de 15 años y más con instrucción media superior,2020,28.6308003874263,Porcentaje
3,Baja California Sur,3,La Paz,6200240315,Porcentaje de la población con limitación mental,2020,1.52894403736785,Porcentaje
3,Baja California Sur,3,La Paz,6200240316,Tasa de monolingüismo de la población de 5 años y más hablante de Maya,2020,0.0,Porcentaje
3,Baja California Sur,3,La Paz,6200240318,Población de 5 años y más hablante de Tzeltal  (Tseltal),2020,55.0,Personas
3,Baja California Sur,3,La Paz,6200240319,Tasa de monolingüismo de la población de 5 años y más hablante de Mazateco,2020,0.0,Porcentaje
3,Baja California Sur,3,La Paz,6200240320,Población de 5 años y más hablante de Lenguas chinantecas,2020,13.0,Personas
3,Baja California Sur,3,La Paz,6200240323,Porcentaje de la población derechohabiente en el Seguro popular,2020,20.4895208561206,Porcentaje
3,Baja California Sur,3,La Paz,6200240325,Tasa de monolingüismo de la población de 5 años y más hablante de Náhuatl,2020,0.29154518950437,Porcentaje
3,Baja California Sur,3,La Paz,6200240326,Población de 5 años y más hablante de Lenguas zapotecas,2020,239.0,Personas
3,Baja California Sur,3,La Paz,6200240328,Porcentaje de mujeres de 55 a 59 años,2020,2.6677009785918,Porcentaje
3,Baja California Sur,3,La Paz,6200240330,Porcentaje de hombres de 75 a 79 años,2020,0.657314381626776,Porcentaje
3,Baja California Sur,3,La Paz,6200240331,Población de 5 años y más hablante de Maya,2020,48.0,Personas
3,Baja California Sur,3,La Paz,6200240332,Población de 5 años y más hablante de Otomí,2020,27.0,Personas
3,Baja California Sur,3,La Paz,6200240334,Población de 5 años y más hablante de Tojolabal,2020,1.0,Personas
3,Baja California Sur,3,La Paz,6200240341,Porcentaje de mujeres de 40 a 44 años,2020,3.6998390180444,Porcentaje
3,Baja California Sur,3,La Paz,6200240342,Porcentaje de mujeres de 70 a 74 años,2020,1.12481421858535,Porcentaje
3,Baja California Sur,3,La Paz,6200240343,Porcentaje de hombres de 15 a 19 años,2020,4.20509581687187,Porcentaje
3,Baja California Sur,3,La Paz,6200240344,Porcentaje de mujeres de 85 años y más,2020,0.41189412947892,Porcentaje
3,Baja California Sur,3,La Paz,6200240345,Población de 5 años y más hablante de Mixe,2020,133.0,Personas
3,Baja California Sur,3,La Paz,6200240354,Porcentaje de mujeres de 10 a 14 años,2020,3.86493991494386,Porcentaje
3,Baja California Sur,3,La Paz,6200240356,Porcentaje de mujeres de 20 a 24 años,2020,3.98610543803224,Porcentaje
3,Baja California Sur,3,La Paz,6200240357,Porcentaje de hombres de 35 a 39 años,2020,3.89720495508638,Porcentaje
3,Baja California Sur,3,La Paz,6200240358,Porcentaje de la población de 0 a 14 años con limitación en la actividad,2020,4.48151782793588,Porcentaje
3,Baja California Sur,3,La Paz,6200240361,Población de 5 años y más hablante de Mazahua,2020,20.0,Personas
3,Baja California Sur,3,La Paz,6200240364,Tasa de monolingüismo de la población de 5 años y más hablante de Chatino,2020,0.0,Porcentaje
3,Baja California Sur,3,La Paz,6200240365,Porcentaje de la población de 15 años y más con instrucción superior,2020,30.4679933080919,Porcentaje
3,Baja California Sur,3,La Paz,6200240366,Tasa de monolingüismo de la población de 5 años y más hablante de Lenguas mixtecas,2020,2.72452068617558,Porcentaje
3,Baja California Sur,3,La Paz,6200240367,Porcentaje de la población con limitación para hablar o comunicarse,2020,4.72176716165513,Porcentaje
3,Baja California Sur,3,La Paz,6200240368,Porcentaje de la población de 15 años y más con instrucción no especificada,2020,0.193713128467025,Porcentaje
3,Baja California Sur,3,La Paz,6200240377,Porcentaje de mujeres de 45 a 49 años,2020,3.42421319640142,Porcentaje
3,Baja California Sur,3,La Paz,6200240378,Porcentaje de mujeres de 0 a 4 años,2020,3.28554217281018,Porcentaje
3,Baja California Sur,3,La Paz,6200240379,Porcentaje de mujeres de 80 a 84 años,2020,0.458918709261096,Porcentaje
3,Baja California Sur,3,La Paz,6200240381,Tasa de monolingüismo de la población de 5 años y más hablante de Tzotzil (Tsotsil),2020,4.76190476190476,Porcentaje
3,Baja California Sur,3,La Paz,6200240384,Porcentaje de mujeres de 15 a 19 años,2020,3.91299423004974,Porcentaje
3,Baja California Sur,3,La Paz,6200240386,Población de 5 años y más hablante de Lenguas mixtecas,2020,991.0,Personas
3,Baja California Sur,3,La Paz,6200240388,Porcentaje de hombres de 65 a 69 años,2020,1.59917895770191,Porcentaje
3,Baja California Sur,3,La Paz,6200240389,Tasa de crecimiento promedio anual de las viviendas particulares habitadas,2020,2.59450029045665,Tasa
3,Baja California Sur,3,La Paz,6200240390,Porcentaje de la población con discapacidad por accidente,2020,14.2339017561721,Porcentaje
3,Baja California Sur,3,La Paz,6200240395,"Viviendas, de cada cien que cuentan con electricidad, agua y drenaje",2020,96.087348140337,Porcentaje
3,Baja California Sur,3,La Paz,6200240396,Porcentaje de la población de 30 a 59 años con limitación en la actividad,2020,15.2822752717323,Porcentaje
3,Baja California Sur,3,La Paz,6200240397,Tasa de monolingüismo de la población de 5 años y más hablante de Chol (Ch''ol),2020,0.0,Porcentaje
3,Baja California Sur,3,La Paz,6200240398,Tasa de monolingüismo de la población de 5 años y más hablante de Totonaca (Totonaco),2020,0.0,Porcentaje
3,Baja California Sur,3,La Paz,6200240407,Índice de envejecimiento,2020,58.0509992678786,Porcentaje
3,Baja California Sur,3,La Paz,6200240410,Porcentaje de hombres de 60 a 64 años,2020,2.19642544544634,Porcentaje
3,Baja California Sur,3,La Paz,6200240411,Porcentaje de hombres de 85 años y más,2020,0.279058272721968,Porcentaje
3,Baja California Sur,3,La Paz,6200240413,Tasa de monolingüismo de la población de 5 años y más hablante de Huasteco,2020,5.55555555555555,Porcentaje
3,Baja California Sur,3,La Paz,6200240414,"Porcentaje de la población derechohabiente en PEMEX, SDN o SM",2020,2.95683738596344,Porcentaje
3,Baja California Sur,3,La Paz,6200240416,Porcentaje de la población usuaria de servicios de salud en instituciones de servicios médicos privados,2020,2.23846212403492,Porcentaje
3,Baja California Sur,3,La Paz,6200240421,Porcentaje de la población derechohabiente en el ISSSTE,2020,23.9299493972138,Porcentaje
3,Baja California Sur,3,La Paz,6200240423,Porcentaje de hombres de 40 a 44 años,2020,3.68336325286524,Porcentaje
3,Baja California Sur,3,La Paz,6200240424,Tasa de monolingüismo de la población de 5 años y más hablante de Mixe,2020,1.50375939849624,Porcentaje
3,Baja California Sur,3,La Paz,6200240425,Porcentaje de hombres de 70 a 74 años,2020,1.02184068621562,Porcentaje
3,Baja California Sur,3,La Paz,6200240426,Porcentaje de mujeres de 60 a 64 años,2020,2.31999368429001,Porcentaje
3,Baja California Sur,3,La Paz,6200240427,Porcentaje de mujeres de 65 a 69 años,2020,1.65993334180005,Porcentaje
3,Baja California Sur,3,La Paz,6200240428,Tasa de monolingüismo de la población de 5 años y más hablante de Otomí,2020,0.0,Porcentaje
3,Baja California Sur,3,La Paz,6200240430,Porcentaje de la población con limitación para caminar y moverse,2020,28.2481866918953,Porcentaje
3,Baja California Sur,3,La Paz,6200240431,Población de 5 años y más hablante de Purépecha (Tarasco),2020,44.0,Personas
3,Baja California Sur,3,La Paz,6200240432,Tasa de monolingüismo de la población de 5 años y más hablante de Zoque,2020,0.0,Porcentaje
3,Baja California Sur,3,La Paz,6200240433,Tasa de monolingüismo de la población de 5 años y más hablante de Lenguas zapotecas,2020,0.418410041841,Porcentaje
3,Baja California Sur,3,La Paz,6200240434,Población de 5 años y más hablante de Chatino,2020,9.0,Personas
3,Baja California Sur,3,La Paz,6200240435,Porcentaje de la población con limitación para atender el cuidado personal,2020,3.83422684747188,Porcentaje
3,Baja California Sur,3,La Paz,6200240443,Porcentaje de mujeres de 35 a 39 años,2020,3.8501803753042,Porcentaje
3,Baja California Sur,3,La Paz,6200240444,Porcentaje de hombres de 55 a 59 años,2020,2.43120509924932,Porcentaje
3,Baja California Sur,3,La Paz,6200240445,Porcentaje de hombres de 5 a 9 años,2020,3.84228573782252,Porcentaje
3,Baja California Sur,3,La Paz,6200240447,Porcentaje de la población de 15 años y más sin instrucción,2020,2.22505943470987,Porcentaje
3,Baja California Sur,3,La Paz,6200240449,Tasa de monolingüismo de la población de 5 años y más hablante de lengua indígena,2020,1.64817749603803,Porcentaje
3,Baja California Sur,3,La Paz,6200240450,Porcentaje de la población con limitación para ver,2020,63.2292652160202,Porcentaje
3,Baja California Sur,3,La Paz,6200240451,Población de 5 años y más hablante de Tarahumara,2020,34.0,Personas
3,Baja California Sur,3,La Paz,6200240452,Población de 5 años y más hablante de Chol (Ch''ol),2020,8.0,Personas
3,Baja California Sur,3,La Paz,6200240453,Población de 5 años y más hablante de Totonaca (Totonaco),2020,18.0,Personas
3,Baja California Sur,3,La Paz,6200240454,Tasa de monolingüismo de la población de 5 años y más hablante de Mazahua,2020,0.0,Porcentaje
3,Baja California Sur,3,La Paz,6200240458,Porcentaje de la población con discapacidad por edad avanzada,2020,19.826927971494,Porcentaje
3,Baja California Sur,3,La Paz,6200240459,Porcentaje de la población con discapacidad por nacimiento,2020,16.8108933570883,Porcentaje
3,Baja California Sur,3,La Paz,6200240466,Población de 5 años y más hablante de Tlapaneco,2020,22.0,Personas
3,Baja California Sur,3,La Paz,6200240471,Porcentaje de la población derechohabiente en el IMSS,2020,53.3532859758565,Porcentaje
3,Baja California Sur,3,La Paz,6200240475,Porcentaje de hombres de 80 a 84 años,2020,0.340155901928008,Porcentaje
3,Baja California Sur,3,La Paz,6200240477,Porcentaje de la población de 85 y más con limitación en la actividad,2020,27.2727272727273,Porcentaje
3,Baja California Sur,3,La Paz,6200240478,Porcentaje de la población con limitación para escuchar,2020,17.4025018395879,Porcentaje
3,Baja California Sur,3,La Paz,6200240479,Porcentaje de la población con limitación para poner atención o aprender,2020,22.0040996531063,Porcentaje
3,Baja California Sur,3,La Paz,6200240480,Población de 5 años y más hablante de Huasteco,2020,18.0,Personas
3,Baja California Sur,3,La Paz,6200240481,Población de 5 años y más hablante de Tzotzil (Tsotsil),2020,21.0,Personas
3,Baja California Sur,3,La Paz,6200240486,Porcentaje de hombres de 25 a 29 años,2020,3.97958378098216,Porcentaje
3,Baja California Sur,3,La Paz,6200240488,Porcentaje de la población de 15 a 29 años con limitación en la actividad,2020,7.64190898496348,Porcentaje
3,Baja California Sur,3,La Paz,6200240493,Porcentaje de la población de 5 años y más hablante de lengua indígena,2020,1.15961951248199,Porcentaje
3,Baja California Sur,3,La Paz,6200240495,Porcentaje de la población con discapacidad por otra causa,2020,12.617714431153,Porcentaje
3,Baja California Sur,3,La Paz,6200240496,Población de 5 años y más hablante de Náhuatl,2020,686.0,Personas
3,Baja California Sur,3,La Paz,6200240497,Población no católica,2020,28049.0,Miles DE personas
3,Baja California Sur,3,La Paz,6200240499,Porcentaje de la población que profesa la religión protestante y evangélica,2020,9.42270249554306,Porcentaje
3,Baja California Sur,3,La Paz,6200240507,Porcentaje de mujeres de 50 a 54 años,2020,3.13863326662937,Porcentaje
3,Baja California Sur,3,La Paz,6200240509,Tasa de monolingüismo de la población de 5 años y más hablante de Tarahumara,2020,0.0,Porcentaje
3,Baja California Sur,3,La Paz,6200240518,Porcentaje de hombres de 30 a 34 años,2020,3.97512159457947,Porcentaje
3,Baja California Sur,3,La Paz,6200240520,Porcentaje de hombres de 20 a 24 años,2020,4.13232785399726,Porcentaje
3,Baja California Sur,3,La Paz,6200240521,Población de 5 años y más hablante de Zoque,2020,14.0,Personas
3,Baja California Sur,3,La Paz,6200240522,Tasa de monolingüismo de la población de 5 años y más hablante de Purépecha (Tarasco),2020,0.0,Porcentaje
3,Baja California Sur,3,La Paz,6200240532,Porcentaje de hombres de 45 a 49 años,2020,3.38165080302193,Porcentaje
3,Baja California Sur,3,La Paz,6200240533,Porcentaje de hombres de 50 a 54 años,2020,2.97009991865091,Porcentaje
3,Baja California Sur,3,La Paz,6200240534,Tasa de monolingüismo de la población de 5 años y más hablante de Resto de lenguas,2020,2.50696378830083,Porcentaje
3,Baja California Sur,3,La Paz,6200240535,Población de 5 años y más hablante de Mazateco,2020,36.0,Personas
3,Baja California Sur,3,La Paz,6200240536,Tasa de monolingüismo de la población de 5 años y más hablante de Tlapaneco,2020,0.0,Porcentaje
3,Baja California Sur,3,La Paz,6200240537,Tasa de monolingüismo de la población de 5 años y más hablante de Tzeltal (Tseltal),2020,0.0,Porcentaje
3,Baja California Sur,3,La Paz,6200240538,Población de 5 años y más hablante del Resto de lenguas,2020,718.0,Personas
3,Baja California Sur,3,La Paz,6200240539,Tasa de monolingüismo de la población de 5 años y más hablante de Lenguas chinantecas,2020,0.0,Porcentaje
3,Baja California Sur,3,La Paz,6200240540,Porcentaje de la población con discapacidad por enfermedad,2020,46.3794858742683,Porcentaje
3,Baja California Sur,3,La Paz,6200240548,Porcentaje de mujeres de 25 a 29 años,2020,3.93530516206318,Porcentaje
3,Baja California Sur,3,La Paz,6200240549,Porcentaje de mujeres de 30 a 34 años,2020,3.90235363170486,Porcentaje
3,Baja California Sur,3,La Paz,6205370864,Porcentaje de población que se considera afrodescendiente,2020,2.22350731074695,Porcentaje
3,Baja California Sur,3,La Paz,6207019007,Porcentaje de la población de 12 años y más viuda,2020,4.16266769705053,Porcentaje
3,Baja California Sur,3,La Paz,6207019009,Porcentaje de la población de 12 años y más casada,2020,31.7516110134739,Porcentaje
3,Baja California Sur,3,La Paz,6207019010,Porcentaje de población de 25 años y más alfabeta,2020,97.7335031167112,Porcentaje
3,Baja California Sur,3,La Paz,6207019011,Porcentaje de la población de 12 años y más soltera,2020,34.8257280202088,Porcentaje
3,Baja California Sur,3,La Paz,6207019012,Porcentaje de la población de 12 años y más separada,2020,5.22504331351506,Porcentaje
3,Baja California Sur,3,La Paz,6207019016,Porcentaje de la población de 12 años y más divorciada,2020,3.07037771047045,Porcentaje
3,Baja California Sur,3,La Paz,6207019017,Porcentaje de población afiliada a otra institución,2020,0.363795168896314,Porcentaje
3,Baja California Sur,3,La Paz,6207019018,Porcentaje de población afiliada a servicios de salud,2020,85.4058807627951,Porcentaje
3,Baja California Sur,3,La Paz,6207019019,Porcentaje de la población de 12 años y más en unión libre,2020,20.872751748121,Porcentaje
3,Baja California Sur,3,La Paz,6207019020,Porcentaje de población de 15 años y más sin escolaridad,2020,2.10090692964691,Porcentaje
3,Baja California Sur,3,La Paz,6207019022,Porcentaje de viviendas particulares habitadas propias,2020,73.5306811265423,Porcentaje
3,Baja California Sur,3,La Paz,6207019023,Porcentaje de hijos fallecidos de las mujeres de 15 a 49 años,2020,2.89432161663783,Porcentaje
3,Baja California Sur,3,La Paz,6207019024,Porcentaje de la población de 3 a 5 años que asiste a la escuela,2020,68.98090169067,Porcentaje
3,Baja California Sur,3,La Paz,6207019026,Porcentaje de la población de 6 a 11 años que asiste a la escuela,2020,97.1324836988737,Porcentaje
3,Baja California Sur,3,La Paz,6207019028,Porcentaje de la población de 12 a 14 años que asiste a la escuela,2020,95.4011958367166,Porcentaje
3,Baja California Sur,3,La Paz,6207019029,Porcentaje de la población de 15 a 24 años que asiste a la escuela,2020,55.6307210959136,Porcentaje
3,Baja California Sur,3,La Paz,6207019030,Porcentaje de población de 12 años y más económicamente activa,2020,64.3283600693016,Porcentaje
3,Baja California Sur,3,La Paz,6207019031,Porcentaje de población de 15 años y más con escolaridad básica,2020,38.6065862463679,Porcentaje
3,Baja California Sur,3,La Paz,6207019034,Porcentaje de población de 3 años y más hablante de lengua indígena,2020,1.13494143445473,Porcentaje
3,Baja California Sur,3,La Paz,6207019035,Porcentaje de la población de 12 años y más No Económicamente Activa,2020,35.2798447776573,Porcentaje
3,Baja California Sur,3,La Paz,6207019036,Promedio de hijos nacidos vivos de las mujeres de 15 a 49 años EI2015,2020,1.35391920933764,Promedio
3,Baja California Sur,3,La Paz,6207019039,Porcentaje de la población de 12 años y más económicamente activa ocupada,2020,98.3433443131176,Porcentaje
3,Baja California Sur,3,La Paz,6207019040,Porcentaje de la población femenina de 12 años y más económicamente activa,2020,42.3399857908674,Porcentaje
3,Baja California Sur,3,La Paz,6207019042,Porcentaje de viviendas particulares habitadas que disponen de Internet,2020,69.2381203453503,Porcentaje
3,Baja California Sur,3,La Paz,6207019043,Porcentaje de la población masculina de 12 años y más económicamente activa,2020,57.6600142091326,Porcentaje
3,Baja California Sur,3,La Paz,6207019046,Porcentaje de viviendas particulares habitadas que disponen de computadora,2020,54.4113447131967,Porcentaje
3,Baja California Sur,3,La Paz,6207019047,Porcentaje de la población de 12 años y más no económicamente activa que estudia,2020,39.4834774006642,Porcentaje
3,Baja California Sur,3,La Paz,6207019050,Porcentaje de viviendas particulares habitadas que disponen de teléfono fijo,2020,47.0880291746304,Porcentaje
3,Baja California Sur,3,La Paz,6207019051,Porcentaje de la población de 12 años y más sin especificar su situación conyugal,2020,0.0918204971602122,Porcentaje
3,Baja California Sur,3,La Paz,6207019054,Porcentaje de la población femenina de 12 años y más económicamente activa ocupada,2020,98.662192052475,Porcentaje
3,Baja California Sur,3,La Paz,6207019055,Porcentaje de viviendas particulares habitadas que disponen de teléfono celular,2020,95.3393088600365,Porcentaje
3,Baja California Sur,3,La Paz,6207019056,Porcentaje de la población masculina de 12 años y más económicamente activa ocupada,2020,98.1092131055727,Porcentaje
3,Baja California Sur,3,La Paz,6207019057,Porcentaje de viviendas particulares habitadas que disponen de televisión de paga,2020,60.5725081833959,Porcentaje
3,Baja California Sur,3,La Paz,6207019058,Porcentaje de población de 3 años y más hablante de lengua indígena que no habla español,2020,1.66509582155199,Porcentaje
3,Baja California Sur,3,La Paz,6207019059,Porcentaje de población de 12 años con condición de actividad económica no especificada,2020,0.391795153041087,Porcentaje
3,Baja California Sur,3,La Paz,6207019060,Porcentaje de la población de 12 años y más no económicamente activa que es pensionada o jubilada,2020,17.024283392609,Porcentaje
3,Baja California Sur,3,La Paz,6207019063,Porcentaje de superficie en el ámbito geográfico de referencia respecto a la unidad geográfica superior,2020,20.854915670205,Porcentaje
3,Baja California Sur,3,La Paz,6207019064,Porcentaje de la población de 12 años y más no económicamente activa que se dedica a los quehaceres del hogar,2020,33.0734625621217,Porcentaje
3,Baja California Sur,3,La Paz,6207019065,Porcentaje de la población de 12 años y más no económicamente activa que realiza otras actividades no económicas,2020,7.04006406481852,Porcentaje
3,Baja California Sur,3,La Paz,6207019070,Porcentaje de la población de 12 años y más no económicamente activa con alguna limitación física o mental que les impide trabajar,2020,3.37871257978661,Porcentaje
3,Baja California Sur,3,La Paz,6207020032,Porcentaje de hombres,2020,49.8913567911416,Porcentaje
3,Baja California Sur,3,La Paz,6207020033,Porcentaje de mujeres,2020,50.1086432088584,Porcentaje
3,Baja California Sur,3,La Paz,6207020035,Promedio de ocupantes por cuarto (Índice de hacinamiento),2020,0.864603464238524,Promedio
3,Baja California Sur,3,La Paz,6207049066,Población de 6 a 14 años que sabe leer y escribir,2020,36509.0,Porcentaje
3,Baja California Sur,3,La Paz,6207049067,Población de 6 a 14 años que no sabe leer y escribir,2020,3845.0,Porcentaje
3,Baja California Sur,3,La Paz,6207049068,Porcentaje de la población de 3 años y más que asiste a la escuela,2020,28.4437788593536,Porcentaje
3,Baja California Sur,3,La Paz,6207049069,Porcentaje de la población de 3 años y más que no asiste a la escuela,2020,71.4456864737658,Porcentaje
3,Baja California Sur,3,La Paz,6207049070,Población de 6 a 14 años que no especificó si sabe o no leer y escribir,2020,185.0,Porcentaje
3,Baja California Sur,3,La Paz,6207049071,Porcentaje de la población de 3 años y más que no especificó si asiste o no a la escuela,2020,0.110534666880605,Porcentaje
3,Baja California Sur,3,La Paz,6207051593,Porcentaje de población de 6 a 14 años que no asiste a la escuela,2020,3.317793,Porcentaje
3,Baja California Sur,3,La Paz,6207068394,Porcentaje de viviendas con agua entubada dentro de la vivienda,2020,90.6610426415343,Porcentaje
3,Baja California Sur,3,La Paz,6207129629,Porcentaje de la población nacional/estatal que representa,2020,36.601177034919,Porcentaje
3,Baja California Sur,3,La Paz,6207129630,Promedio de ocupantes por dormitorio,2020,1.58633939860371,Promedio
3,Baja California Sur,3,La Paz,6207129631,Porcentaje de viviendas particulares habitadas que disponen de tinaco,2020,89.2220830861838,Porcentaje
3,Baja California Sur,3,La Paz,6207129632,Porcentaje de viviendas particulares habitadas que disponen de cisterna o aljibe,2020,28.2343636723127,Porcentaje
3,Baja California Sur,3,La Paz,6207129635,Porcentaje de viviendas particulares habitadas que disponen de Automóvil o camioneta,2020,73.1266064720227,Porcentaje
3,Baja California Sur,3,La Paz,6207129636,Porcentaje de viviendas particulares habitadas que disponen de motocicleta o motoneta,2020,7.8560601067686,Porcentaje
3,Baja California Sur,3,La Paz,6207129637,Porcentaje de viviendas particulares habitadas que disponen de bicicleta como medio de transporte,2020,12.1224104220216,Porcentaje
3,Baja California Sur,3,La Paz,6207129638,Porcentaje de la población con algún tipo de  discapacidad,2020,5.26791244212824,Porcentaje
3,Baja California Sur,3,La Paz,6207129639,Porcentaje de la población entre 0 y 17 años con algún tipo de  discapacidad,2020,2.07283701184113,Porcentaje
3,Baja California Sur,3,La Paz,6207129640,Porcentaje de la población entre 18 y 29 años con algún tipo de  discapacidad,2020,2.00684919353408,Porcentaje
3,Baja California Sur,3,La Paz,6207129641,Porcentaje de la población entre 30 y 59 años con algún tipo de  discapacidad,2020,4.36194157859946,Porcentaje
3,Baja California Sur,3,La Paz,6207129642,Porcentaje de la población de 60 años y más con algún tipo de  discapacidad,2020,19.9372098639547,Porcentaje
3,Baja California Sur,3,La Paz,6207129643,Porcentaje de la población de 5 y más años migrante según causa: Trabajo,2020,37.3437353134693,Porcentaje
3,Baja California Sur,3,La Paz,6207129644,Porcentaje de la población de 5 y más años migrante según causa: Familiar,2020,40.4220321458784,Porcentaje
3,Baja California Sur,3,La Paz,6207129645,Porcentaje de la población de 5 y más años migrante según causa: Educativa,2020,11.1147664254159,Porcentaje
3,Baja California Sur,3,La Paz,6207129646,Porcentaje de la población de 5 y más años migrante según causa: Inseguridad delictiva o violencia,2020,2.45793777610678,Porcentaje
3,Baja California Sur,3,La Paz,6207129647,Porcentaje de la población de 5 y más años migrante según causa: Otra causa,2020,6.98843876304164,Porcentaje
3,Baja California Sur,3,La Paz,6207129648,Promedio de hijos nacidos vivos por grupo de edad: 15-19,2020,0.0866314863676341,Promedio
3,Baja California Sur,3,La Paz,6207129649,Promedio de hijos nacidos vivos por grupo de edad: 20-24,2020,0.488612836438923,Promedio
3,Baja California Sur,3,La Paz,6207129650,Promedio de hijos nacidos vivos por grupo de edad: 25-29,2020,1.07475329665531,Promedio
3,Baja California Sur,3,La Paz,6207129651,Promedio de hijos nacidos vivos por grupo de edad: 30-34,2020,1.56324267229997,Promedio
3,Baja California Sur,3,La Paz,6207129652,Promedio de hijos nacidos vivos por grupo de edad: 35-39,2020,1.94332381292396,Promedio
3,Baja California Sur,3,La Paz,6207129653,Promedio de hijos nacidos vivos por grupo de edad: 40-44,2020,2.19076379855046,Promedio
3,Baja California Sur,3,La Paz,6207129654,Promedio de hijos nacidos vivos por grupo de edad: 45-49,2020,2.32196247617137,Promedio
3,Baja California Sur,3,La Paz,6207129812,Porcentaje de viviendas particulares habitadas que disponen de refrigerador,2020,94.3605966739164,Porcentaje
3,Baja California Sur,3,La Paz,6207129813,Porcentaje de viviendas particulares habitadas que disponen de lavadora,2020,75.0411915903249,Porcentaje
3,Baja California Sur,3,La Paz,6207129818,Porcentaje de la población derechohabiente en Instituto de Salud para el Bienestar (IMSS-PROSPERA o IMSS-BIENESTAR),2020,0.547295375233883,Porcentaje
3,Baja California Sur,3,La Paz,6207129822,Ubicación geográfica con la mayor cantidad de pobladores. Primer lugar,2020,30030001.0,No aplica
3,Baja California Sur,3,La Paz,6207129825,Población de la ubicación geográfica con la mayor cantidad de pobladores. Primer lugar,2020,250141.0,Personas
3,Baja California Sur,3,La Paz,6207129828,Lengua indígena más frecuente. Descripción. Primer lugar,2020,516.0,No aplica
3,Baja California Sur,3,La Paz,6207129830,Lengua indígena más frecuente. Porcentaje. Primer lugar,2020,34.8902056465667,Porcentaje
3,Baja California Sur,3,La Paz,6207129840,Total de áreas geográficas,2020,1018.0,Municipios
3,Baja California Sur,8,Los Cabos,1001000001,Superficie continental,2020,3751.54509578,Kilómetros cuadrados
3,Baja California Sur,8,Los Cabos,1002000001,Población total,2020,351111.0,Personas
3,Baja California Sur,8,Los Cabos,1002000002,Población total hombres,2020,180944.0,Personas
3,Baja California Sur,8,Los Cabos,1002000003,Población total mujeres,2020,170167.0,Personas
3,Baja California Sur,8,Los Cabos,1002000004,Porcentaje de población de 15 a 29 años,2020,27.1078180889116,Porcentaje
3,Baja California Sur,8,Los Cabos,1002000005,Porcentaje de hombres de 15 a 29 años,2020,27.0191852532509,Porcentaje
3,Baja California Sur,8,Los Cabos,1002000006,Porcentaje de mujeres de 15 a 29 años,2020,27.202113982024,Porcentaje
3,Baja California Sur,8,Los Cabos,1002000007,Porcentaje de población de 60 y más años,2020,5.71127557084049,Porcentaje
3,Baja California Sur,8,Los Cabos,1002000008,Porcentaje de hombres de 60 y más años,2020,5.52613259822348,Porcentaje
3,Baja California Sur,8,Los Cabos,1002000009,Porcentaje de mujeres de 60 y más años,2020,5.90824796629952,Porcentaje
3,Baja California Sur,8,Los Cabos,1002000010,Edad mediana,2020,27.0,Años
3,Baja California Sur,8,Los Cabos,1002000011,Edad mediana hombres,2020,28.0,Años
3,Baja California Sur,8,Los Cabos,1002000012,Edad mediana mujeres,2020,27.0,Años
3,Baja California Sur,8,Los Cabos,1002000013,Promedio de hijos nacidos vivos de las mujeres de 12 años y más,2020,1.78255144909888,Promedio
3,Baja California Sur,8,Los Cabos,1002000014,Población en hogares censales,2020,350193.0,Personas
3,Baja California Sur,8,Los Cabos,1002000015,Población en hogares familiares,2020,326632.0,Personas
3,Baja California Sur,8,Los Cabos,1002000016,Población en hogares no familiares,2020,20887.0,Personas
3,Baja California Sur,8,Los Cabos,1002000018,Hogares censales,2020,101934.0,Hogares
3,Baja California Sur,8,Los Cabos,1002000019,Hogares con jefatura masculina,2020,70602.0,Hogares
3,Baja California Sur,8,Los Cabos,1002000020,Hogares con jefatura femenina,2020,31332.0,Hogares
3,Baja California Sur,8,Los Cabos,1002000021,Tamaño promedio de los hogares censales,2020,3.43548766849138,Personas
3,Baja California Sur,8,Los Cabos,1002000022,Tamaño promedio de los hogares con jefe hombre,2020,3.43384040112178,Personas
3,Baja California Sur,8,Los Cabos,1002000023,Tamaño promedio de los hogares con jefe mujer,2020,3.43919954040597,Personas
3,Baja California Sur,8,Los Cabos,1002000024,Relación hombres-mujeres,2020,106.333190336552,Hombres por cada 100 mujeres
3,Baja California Sur,8,Los Cabos,1002000041,Porcentaje de personas de 15 años y más alfabetas,2020,97.5532996119027,Porcentaje
3,Baja California Sur,8,Los Cabos,1002000050,Tasa de alfabetización de las personas de 15 a 24 años,2020,99.0090149807769,Tasa
3,Baja California Sur,8,Los Cabos,1002000055,Población de edad no especificada,2020,2765.0,Personas
3,Baja California Sur,8,Los Cabos,1002000056,Población de edad no especificada. Hombres,2020,1379.0,Personas
3,Baja California Sur,8,Los Cabos,1002000057,Población de edad no especificada. Mujeres,2020,1386.0,Personas
3,Baja California Sur,8,Los Cabos,1002000058,Población de 0 a 4 años,2020,30814.0,Personas
3,Baja California Sur,8,Los Cabos,1002000059,Población de 0 a 4 años. Hombres,2020,15614.0,Personas
3,Baja California Sur,8,Los Cabos,1002000060,Población de 0 a 4 años. Mujeres,2020,15200.0,Personas
3,Baja California Sur,8,Los Cabos,1002000061,Población de 10 a 14 años,2020,31118.0,Personas
3,Baja California Sur,8,Los Cabos,1002000062,Población de 10 a 14 años. Hombres,2020,15862.0,Personas
3,Baja California Sur,8,Los Cabos,1002000063,Población de 10 a 14 años. Mujeres,2020,15256.0,Personas
3,Baja California Sur,8,Los Cabos,1002000064,Población de 100 años y más,2020,13.0,Personas
3,Baja California Sur,8,Los Cabos,1002000065,Población de 100 años y más. Hombres,2020,5.0,Personas
3,Baja California Sur,8,Los Cabos,1002000066,Población de 100 años y más. Mujeres,2020,8.0,Personas
3,Baja California Sur,8,Los Cabos,1002000067,Población de 15 a 19 años,2020,28831.0,Personas
3,Baja California Sur,8,Los Cabos,1002000068,Población de 15 a 19 años. Hombres,2020,14793.0,Personas
3,Baja California Sur,8,Los Cabos,1002000069,Población de 15 a 19 años. Mujeres,2020,14038.0,Personas
3,Baja California Sur,8,Los Cabos,1002000070,Población de 20 a 24 años,2020,31513.0,Personas
3,Baja California Sur,8,Los Cabos,1002000071,Población de 20 a 24 años. Hombres,2020,16305.0,Personas
3,Baja California Sur,8,Los Cabos,1002000072,Población de 20 a 24 años. Mujeres,2020,15208.0,Personas
3,Baja California Sur,8,Los Cabos,1002000073,Población de 25 a 29 años,2020,34085.0,Personas
3,Baja California Sur,8,Los Cabos,1002000074,Población de 25 a 29 años. Hombres,2020,17419.0,Personas
3,Baja California Sur,8,Los Cabos,1002000075,Población de 25 a 29 años. Mujeres,2020,16666.0,Personas
3,Baja California Sur,8,Los Cabos,1002000076,Población de 30 a 34 años,2020,33057.0,Personas
3,Baja California Sur,8,Los Cabos,1002000077,Población de 30 a 34 años. Hombres,2020,17155.0,Personas
3,Baja California Sur,8,Los Cabos,1002000078,Población de 30 a 34 años. Mujeres,2020,15902.0,Personas
3,Baja California Sur,8,Los Cabos,1002000079,Población de 35 a 39 años,2020,31160.0,Personas
3,Baja California Sur,8,Los Cabos,1002000080,Población de 35 a 39 años. Hombres,2020,16211.0,Personas
3,Baja California Sur,8,Los Cabos,1002000081,Población de 35 a 39 años. Mujeres,2020,14949.0,Personas
3,Baja California Sur,8,Los Cabos,1002000082,Población de 40 a 44 años,2020,27020.0,Personas
3,Baja California Sur,8,Los Cabos,1002000083,Población de 40 a 44 años. Hombres,2020,14122.0,Personas
3,Baja California Sur,8,Los Cabos,1002000084,Población de 40 a 44 años. Mujeres,2020,12898.0,Personas
3,Baja California Sur,8,Los Cabos,1002000085,Población de 45 a 49 años,2020,21829.0,Personas
3,Baja California Sur,8,Los Cabos,1002000086,Población de 45 a 49 años. Hombres,2020,11616.0,Personas
3,Baja California Sur,8,Los Cabos,1002000087,Población de 45 a 49 años. Mujeres,2020,10213.0,Personas
3,Baja California Sur,8,Los Cabos,1002000088,Población de 5 a 9 años,2020,31581.0,Personas
3,Baja California Sur,8,Los Cabos,1002000089,Población de 5 a 9 años. Hombres,2020,16063.0,Personas
3,Baja California Sur,8,Los Cabos,1002000090,Población de 5 a 9 años. Mujeres,2020,15518.0,Personas
3,Baja California Sur,8,Los Cabos,1002000091,Población de 50 a 54 años,2020,16380.0,Personas
3,Baja California Sur,8,Los Cabos,1002000092,Población de 50 a 54 años. Hombres,2020,8660.0,Personas
3,Baja California Sur,8,Los Cabos,1002000093,Población de 50 a 54 años. Mujeres,2020,7720.0,Personas
3,Baja California Sur,8,Los Cabos,1002000094,Población de 55 a 59 años,2020,11063.0,Personas
3,Baja California Sur,8,Los Cabos,1002000095,Población de 55 a 59 años. Hombres,2020,5822.0,Número de personas
3,Baja California Sur,8,Los Cabos,1002000096,Población de 55 a 59 años. Mujeres,2020,5241.0,Número de personas
3,Baja California Sur,8,Los Cabos,1002000097,Población de 60 a 64 años,2020,7686.0,Personas
3,Baja California Sur,8,Los Cabos,1002000098,Población de 60 a 64 años. Hombres,2020,3831.0,Número de personas
3,Baja California Sur,8,Los Cabos,1002000099,Población de 60 a 64 años. Mujeres,2020,3855.0,Número de personas
3,Baja California Sur,8,Los Cabos,1002000100,Población de 65 a 69 años,2020,5327.0,Personas
3,Baja California Sur,8,Los Cabos,1002000101,Población de 65 a 69 años. Hombres,2020,2677.0,Número de personas
3,Baja California Sur,8,Los Cabos,1002000102,Población de 65 a 69 años. Mujeres,2020,2650.0,Número de personas
3,Baja California Sur,8,Los Cabos,1002000103,Población de 70 a 74 años,2020,3144.0,Personas
3,Baja California Sur,8,Los Cabos,1002000104,Población de 70 a 74 años. Hombres,2020,1631.0,Número de personas
3,Baja California Sur,8,Los Cabos,1002000105,Población de 70 a 74 años. Mujeres,2020,1513.0,Número de personas
3,Baja California Sur,8,Los Cabos,1002000106,Población de 75 a 79 años,2020,1954.0,Personas
3,Baja California Sur,8,Los Cabos,1002000107,Población de 75 a 79 años. Hombres,2020,946.0,Número de personas
3,Baja California Sur,8,Los Cabos,1002000108,Población de 75 a 79 años. Mujeres,2020,1008.0,Número de personas
3,Baja California Sur,8,Los Cabos,1002000109,Población de 80 a 84 años,2020,978.0,Personas
3,Baja California Sur,8,Los Cabos,1002000110,Población de 80 a 84 años. Hombres,2020,478.0,Número de personas
3,Baja California Sur,8,Los Cabos,1002000111,Población de 80 a 84 años. Mujeres,2020,500.0,Número de personas
3,Baja California Sur,8,Los Cabos,1002000112,Población de 85 a 89 años,2020,543.0,Personas
3,Baja California Sur,8,Los Cabos,1002000113,Población de 85 a 89 años. Hombres,2020,250.0,Número de personas
3,Baja California Sur,8,Los Cabos,1002000114,Población de 85 a 89 años. Mujeres,2020,293.0,Número de personas
3,Baja California Sur,8,Los Cabos,1002000115,Población de 90 a 94 años,2020,180.0,Personas
3,Baja California Sur,8,Los Cabos,1002000116,Población de 90 a 94 años. Hombres,2020,78.0,Número de personas
3,Baja California Sur,8,Los Cabos,1002000117,Población de 90 a 94 años. Mujeres,2020,102.0,Número de personas
3,Baja California Sur,8,Los Cabos,1002000118,Población de 95 a 99 años,2020,70.0,Personas
3,Baja California Sur,8,Los Cabos,1002000119,Población de 95 a 99 años. Hombres,2020,27.0,Número de personas
3,Baja California Sur,8,Los Cabos,1002000120,Población de 95 a 99 años. Mujeres,2020,43.0,Número de personas
3,Baja California Sur,8,Los Cabos,1002000127,Relación de dependencia,2020,43.5744196781852,Personas dependientes por cada 100 personas en edad de trabajar
3,Baja California Sur,8,Los Cabos,1003000001,Total de viviendas particulares habitadas,2020,101934.0,Viviendas
3,Baja California Sur,8,Los Cabos,1003000011,Viviendas particulares habitadas,2020,94177.0,Número de Viviendas
3,Baja California Sur,8,Los Cabos,1003000015,Promedio de ocupantes en viviendas particulares habitadas,2020,3.43991282996914,Promedio
3,Baja California Sur,8,Los Cabos,1003000017,Viviendas particulares habitadas que disponen de energía eléctrica,2020,99731.0,Viviendas
3,Baja California Sur,8,Los Cabos,1003000018,Viviendas particulares habitadas que disponen de agua de la red pública en el ámbito de la vivienda,2020,91906.0,Viviendas
3,Baja California Sur,8,Los Cabos,1003000019,Viviendas particulares habitadas que disponen de drenaje,2020,98836.0,Viviendas
3,Baja California Sur,8,Los Cabos,1003000020,Viviendas particulares habitadas que disponen de excusado o sanitario,2020,100060.0,Viviendas
3,Baja California Sur,8,Los Cabos,1003000023,Viviendas particulares habitadas que disponen de lavadora,2020,62788.0,Viviendas
3,Baja California Sur,8,Los Cabos,1003000024,Viviendas particulares habitadas que disponen de computadora,2020,41827.0,Viviendas
3,Baja California Sur,8,Los Cabos,1004000001,Población derechohabiente a servicios de salud,2020,280254.0,Personas
3,Baja California Sur,8,Los Cabos,1005000012,Población de 5 años y más que asiste a la escuela,2020,87376.0,Personas
3,Baja California Sur,8,Los Cabos,1005000038,Grado promedio de escolaridad de la población de 15 y más años,2020,10.1735220130746,Años de escolaridad
3,Baja California Sur,8,Los Cabos,1005000039,Población de 5 años y más hablante de lengua indígena,2020,6313.0,Personas
3,Baja California Sur,8,Los Cabos,3104003001,Porcentaje de población inmigrante (migración reciente),2020,15.7573907485667,Porcentaje
3,Baja California Sur,8,Los Cabos,3105001001,Densidad de población,2020,93.5910381018621,Habitantes por kilómetro cuadrado
3,Baja California Sur,8,Los Cabos,3105004001,Porcentaje de población en localidades de menos de 2 500 habitantes,2020,3.45531754915112,Porcentaje
3,Baja California Sur,8,Los Cabos,3108001001,Porcentaje de analfabetas total,2020,2.1151106803279,Porcentaje
3,Baja California Sur,8,Los Cabos,3108001002,Porcentaje de analfabetas hombres,2020,1.85115053095602,Porcentaje
3,Baja California Sur,8,Los Cabos,3108001003,Porcentaje de analfabetas mujeres,2020,2.39888605698372,Porcentaje
3,Baja California Sur,8,Los Cabos,3114004001,Porcentaje de viviendas con piso de tierra,2020,7.76345761307945,Porcentaje
3,Baja California Sur,8,Los Cabos,3114006001,Porcentaje de viviendas con electricidad,2020,98.3433749790457,Porcentaje
3,Baja California Sur,8,Los Cabos,6200031290,Porcentaje de viviendas particulares habitadas con disponibilidad de drenaje,2020,97.4608277208587,Porcentaje
3,Baja California Sur,8,Los Cabos,6200031291,Porcentaje de viviendas particulares habitadas con disponibilidad de excusado,2020,98.6677973789826,Porcentaje
3,Baja California Sur,8,Los Cabos,6200108938,Porcentaje de viviendas con techos de materiales resistentes,2020,86.1059041724935,Porcentaje
3,Baja California Sur,8,Los Cabos,6200205238,Población de 8 a 14 años que sabe leer y escribir,2020,42601.0,Personas
3,Baja California Sur,8,Los Cabos,6200205244,Viviendas que son cuarto de azotea,2020,7.0,Viviendas
3,Baja California Sur,8,Los Cabos,6200205245,Viviendas móviles,2020,91.0,Viviendas
3,Baja California Sur,8,Los Cabos,6200205246,Viviendas que son departamento en edificio o vivienda en vecindad,2020,12583.0,Viviendas
3,Baja California Sur,8,Los Cabos,6200205247,Viviendas que son refugio,2020,55.0,Viviendas
3,Baja California Sur,8,Los Cabos,6200205248,Viviendas colectivas,2020,47.0,Viviendas
3,Baja California Sur,8,Los Cabos,6200205249,Viviendas que son casa independiente o local no construido para habitación,2020,75661.0,Viviendas
3,Baja California Sur,8,Los Cabos,6200205251,Promedio de hijos nacidos vivos de las mujeres de 12 años y más casada sólo religiosamente,2020,2.7005444646098,Promedio
3,Baja California Sur,8,Los Cabos,6200205252,Población de 5 años y más inmigrante,2020,46290.0,Personas
3,Baja California Sur,8,Los Cabos,6200205253,Población total sin limitación en la actividad,2020,301721.0,Personas
3,Baja California Sur,8,Los Cabos,6200205254,Población total que no especificó limitación en la actividad,2020,3210.0,Personas
3,Baja California Sur,8,Los Cabos,6200205255,Porcentaje de la población migrante internacional destino otro país,2020,20.1204819277108,Porcentaje
3,Baja California Sur,8,Los Cabos,6200205256,Población de 5 años y más con religión no especificada,2020,665.0,Personas
3,Baja California Sur,8,Los Cabos,6200205257,Población de 5 años y más católica,2020,218457.0,Personas
3,Baja California Sur,8,Los Cabos,6200205258,Promedio de hijos nacidos vivos de las mujeres de 12 años y más solteras,2020,0.320281711626961,Promedio
3,Baja California Sur,8,Los Cabos,6200205259,Población nacida en otro país residente en México,2020,4684.0,Personas
3,Baja California Sur,8,Los Cabos,6200205260,Población con limitación en la actividad para escuchar,2020,5139.0,Personas
3,Baja California Sur,8,Los Cabos,6200205261,Población con limitación en la actividad para hablar o comunicarse,2020,2152.0,Personas
3,Baja California Sur,8,Los Cabos,6200205263,Población con limitación en la actividad para caminar o moverse,2020,7630.0,Personas
3,Baja California Sur,8,Los Cabos,6200205264,Porcentaje de la población migrante internacional destino no especificado,2020,14.3373493975904,Porcentaje
3,Baja California Sur,8,Los Cabos,6200205265,Promedio de hijos nacidos vivos de las mujeres de 12 años y más que no especificó estado conyugal,2020,1.8,Promedio
3,Baja California Sur,8,Los Cabos,6200205266,Promedio de hijos nacidos vivos de las mujeres de 12 años y más casada civil y religiosamente,2020,2.66581481041246,Promedio
3,Baja California Sur,8,Los Cabos,6200205267,Promedio de hijos nacidos vivos de las mujeres de 12 años y más separadas,2020,2.58191546281434,Promedio
3,Baja California Sur,8,Los Cabos,6200205268,Población nacida en otro país residente en México hombres,2020,2571.0,Personas
3,Baja California Sur,8,Los Cabos,6200205269,Población con limitación en la actividad para atender el cuidado personal,2020,1280.0,Personas
3,Baja California Sur,8,Los Cabos,6200205270,Población con limitación en la actividad para poner atención o aprender,2020,5683.0,Personas
3,Baja California Sur,8,Los Cabos,6200205271,Población con limitación en la actividad,2020,32694.0,Personas
3,Baja California Sur,8,Los Cabos,6200205272,Porcentaje de población nacida en otro país residente en México,2020,1.33405105507945,Porcentaje
3,Baja California Sur,8,Los Cabos,6200205273,Población de 5 años y más con religión distinta de católica,2020,52894.0,Personas
3,Baja California Sur,8,Los Cabos,6200205274,Porcentaje de población masculina nacida en otro país residente en México,2020,1.42088159872668,Porcentaje
3,Baja California Sur,8,Los Cabos,6200205275,Promedio de hijos nacidos vivos de las mujeres de 12 años y más divorciadas,2020,2.52234537003933,Promedio
3,Baja California Sur,8,Los Cabos,6200205276,Promedio de hijos nacidos vivos de las mujeres de 12 años y más en unión libre,2020,1.99454801733996,Promedio
3,Baja California Sur,8,Los Cabos,6200205277,Población de 5 años y más emigrante,2020,14632.0,Personas
3,Baja California Sur,8,Los Cabos,6200205279,Promedio de hijos nacidos vivos de las mujeres de 12 años y más casada sólo por lo civil,2020,2.32516149528751,Promedio
3,Baja California Sur,8,Los Cabos,6200205280,Población con limitación en la actividad para ver,2020,21963.0,Personas
3,Baja California Sur,8,Los Cabos,6200205282,Porcentaje de población femenina nacida en otro país residente en México,2020,1.24172136783278,Porcentaje
3,Baja California Sur,8,Los Cabos,6200205283,Promedio de hijos nacidos vivos de las mujeres de 12 años y más viudas,2020,4.48565076798707,Promedio
3,Baja California Sur,8,Los Cabos,6200205284,Población nacida en otro país residente en México mujeres,2020,2113.0,Personas
3,Baja California Sur,8,Los Cabos,6200205285,Porcentaje de la población migrante internacional destino Estados Unidos de América,2020,65.5421686746988,Porcentaje
3,Baja California Sur,8,Los Cabos,6200205286,Población con limitación en la actividad mental,2020,3848.0,Personas
3,Baja California Sur,8,Los Cabos,6200205288,Índice de masculinidad de la población nacida en otro país residente en México,2020,121.675343114056,Índice
3,Baja California Sur,8,Los Cabos,6200205289,Población de 5 años y más sin religión,2020,45516.0,Personas
3,Baja California Sur,8,Los Cabos,6200240300,Porcentaje de hombres de 0 a 4 años,2020,4.48232504463953,Porcentaje
3,Baja California Sur,8,Los Cabos,6200240301,Población católica,2020,238.809,Miles DE personas
3,Baja California Sur,8,Los Cabos,6200240302,Porcentaje de la población de 60 a 84 años con limitación en la actividad,2020,29.8234585363298,Porcentaje
3,Baja California Sur,8,Los Cabos,6200240304,Tasa de monolingüismo de la población de 5 años y más hablante de Tojolabal,2020,0.0,Porcentaje
3,Baja California Sur,8,Los Cabos,6200240305,Porcentaje de la población que profesa la religión católica,2020,68.0152430427984,Porcentaje
3,Baja California Sur,8,Los Cabos,6200240310,Porcentaje de mujeres de 75 a 79 años,2020,0.289367467977241,Porcentaje
3,Baja California Sur,8,Los Cabos,6200240311,Porcentaje de hombres de 10 a 14 años,2020,4.55351862803075,Porcentaje
3,Baja California Sur,8,Los Cabos,6200240312,Porcentaje de mujeres de 5 a 9 años,2020,4.4547662381655,Porcentaje
3,Baja California Sur,8,Los Cabos,6200240314,Porcentaje de la población de 15 años y más con instrucción media superior,2020,30.367731023847,Porcentaje
3,Baja California Sur,8,Los Cabos,6200240315,Porcentaje de la población con limitación mental,2020,1.16472293941201,Porcentaje
3,Baja California Sur,8,Los Cabos,6200240316,Tasa de monolingüismo de la población de 5 años y más hablante de Maya,2020,0.0,Porcentaje
3,Baja California Sur,8,Los Cabos,6200240318,Población de 5 años y más hablante de Tzeltal  (Tseltal),2020,50.0,Personas
3,Baja California Sur,8,Los Cabos,6200240319,Tasa de monolingüismo de la población de 5 años y más hablante de Mazateco,2020,0.0,Porcentaje
3,Baja California Sur,8,Los Cabos,6200240320,Población de 5 años y más hablante de Lenguas chinantecas,2020,39.0,Personas
3,Baja California Sur,8,Los Cabos,6200240323,Porcentaje de la población derechohabiente en el Seguro popular,2020,17.901260998951,Porcentaje
3,Baja California Sur,8,Los Cabos,6200240325,Tasa de monolingüismo de la población de 5 años y más hablante de Náhuatl,2020,0.9544008483563,Porcentaje
3,Baja California Sur,8,Los Cabos,6200240326,Población de 5 años y más hablante de Lenguas zapotecas,2020,643.0,Personas
3,Baja California Sur,8,Los Cabos,6200240328,Porcentaje de mujeres de 55 a 59 años,2020,1.50453859094119,Porcentaje
3,Baja California Sur,8,Los Cabos,6200240330,Porcentaje de hombres de 75 a 79 años,2020,0.271569072129435,Porcentaje
3,Baja California Sur,8,Los Cabos,6200240331,Población de 5 años y más hablante de Maya,2020,147.0,Personas
3,Baja California Sur,8,Los Cabos,6200240332,Población de 5 años y más hablante de Otomí,2020,75.0,Personas
3,Baja California Sur,8,Los Cabos,6200240334,Población de 5 años y más hablante de Tojolabal,2020,6.0,Personas
3,Baja California Sur,8,Los Cabos,6200240341,Porcentaje de mujeres de 40 a 44 años,2020,3.70264047814529,Porcentaje
3,Baja California Sur,8,Los Cabos,6200240342,Porcentaje de mujeres de 70 a 74 años,2020,0.434338272866633,Porcentaje
3,Baja California Sur,8,Los Cabos,6200240343,Porcentaje de hombres de 15 a 19 años,2020,4.24663983510647,Porcentaje
3,Baja California Sur,8,Los Cabos,6200240344,Porcentaje de mujeres de 85 años y más,2020,0.128033621743898,Porcentaje
3,Baja California Sur,8,Los Cabos,6200240345,Población de 5 años y más hablante de Mixe,2020,56.0,Personas
3,Baja California Sur,8,Los Cabos,6200240354,Porcentaje de mujeres de 10 a 14 años,2020,4.37955366216348,Porcentaje
3,Baja California Sur,8,Los Cabos,6200240356,Porcentaje de mujeres de 20 a 24 años,2020,4.36577425892647,Porcentaje
3,Baja California Sur,8,Los Cabos,6200240357,Porcentaje de hombres de 35 a 39 años,2020,4.65370637239986,Porcentaje
3,Baja California Sur,8,Los Cabos,6200240358,Porcentaje de la población de 0 a 14 años con limitación en la actividad,2020,3.83369157229476,Porcentaje
3,Baja California Sur,8,Los Cabos,6200240361,Población de 5 años y más hablante de Mazahua,2020,68.0,Personas
3,Baja California Sur,8,Los Cabos,6200240364,Tasa de monolingüismo de la población de 5 años y más hablante de Chatino,2020,0.0,Porcentaje
3,Baja California Sur,8,Los Cabos,6200240365,Porcentaje de la población de 15 años y más con instrucción superior,2020,19.8102286595535,Porcentaje
3,Baja California Sur,8,Los Cabos,6200240366,Tasa de monolingüismo de la población de 5 años y más hablante de Lenguas mixtecas,2020,0.44792833146696,Porcentaje
3,Baja California Sur,8,Los Cabos,6200240367,Porcentaje de la población con limitación para hablar o comunicarse,2020,5.78965293043128,Porcentaje
3,Baja California Sur,8,Los Cabos,6200240368,Porcentaje de la población de 15 años y más con instrucción no especificada,2020,0.342969709574506,Porcentaje
3,Baja California Sur,8,Los Cabos,6200240377,Porcentaje de mujeres de 45 a 49 años,2020,2.93185510957496,Porcentaje
3,Baja California Sur,8,Los Cabos,6200240378,Porcentaje de mujeres de 0 a 4 años,2020,4.3634776917203,Porcentaje
3,Baja California Sur,8,Los Cabos,6200240379,Porcentaje de mujeres de 80 a 84 años,2020,0.143535450385536,Porcentaje
3,Baja California Sur,8,Los Cabos,6200240381,Tasa de monolingüismo de la población de 5 años y más hablante de Tzotzil (Tsotsil),2020,0.0,Porcentaje
3,Baja California Sur,8,Los Cabos,6200240384,Porcentaje de mujeres de 15 a 19 años,2020,4.02990130502431,Porcentaje
3,Baja California Sur,8,Los Cabos,6200240386,Población de 5 años y más hablante de Lenguas mixtecas,2020,893.0,Personas
3,Baja California Sur,8,Los Cabos,6200240388,Porcentaje de hombres de 65 a 69 años,2020,0.768488801364161,Porcentaje
3,Baja California Sur,8,Los Cabos,6200240389,Tasa de crecimiento promedio anual de las viviendas particulares habitadas,2020,4.46035661775579,Tasa
3,Baja California Sur,8,Los Cabos,6200240390,Porcentaje de la población con discapacidad por accidente,2020,9.29580754408502,Porcentaje
3,Baja California Sur,8,Los Cabos,6200240395,"Viviendas, de cada cien que cuentan con electricidad, agua y drenaje",2020,89.5593180226997,Porcentaje
3,Baja California Sur,8,Los Cabos,6200240396,Porcentaje de la población de 30 a 59 años con limitación en la actividad,2020,12.2255513881673,Porcentaje
3,Baja California Sur,8,Los Cabos,6200240397,Tasa de monolingüismo de la población de 5 años y más hablante de Chol (Ch''ol),2020,0.0,Porcentaje
3,Baja California Sur,8,Los Cabos,6200240398,Tasa de monolingüismo de la población de 5 años y más hablante de Totonaca (Totonaco),2020,0.0,Porcentaje
3,Baja California Sur,8,Los Cabos,6200240407,Índice de envejecimiento,2020,21.2751168286762,Porcentaje
3,Baja California Sur,8,Los Cabos,6200240410,Porcentaje de hombres de 60 a 64 años,2020,1.09976862085398,Porcentaje
3,Baja California Sur,8,Los Cabos,6200240411,Porcentaje de hombres de 85 años y más,2020,0.103345524277586,Porcentaje
3,Baja California Sur,8,Los Cabos,6200240413,Tasa de monolingüismo de la población de 5 años y más hablante de Huasteco,2020,0.0,Porcentaje
3,Baja California Sur,8,Los Cabos,6200240414,"Porcentaje de la población derechohabiente en PEMEX, SDN o SM",2020,0.242637036402692,Porcentaje
3,Baja California Sur,8,Los Cabos,6200240416,Porcentaje de la población usuaria de servicios de salud en instituciones de servicios médicos privados,2020,2.20621293540859,Porcentaje
3,Baja California Sur,8,Los Cabos,6200240421,Porcentaje de la población derechohabiente en el ISSSTE,2020,6.60115466683794,Porcentaje
3,Baja California Sur,8,Los Cabos,6200240423,Porcentaje de hombres de 40 a 44 años,2020,4.05401526068909,Porcentaje
3,Baja California Sur,8,Los Cabos,6200240424,Tasa de monolingüismo de la población de 5 años y más hablante de Mixe,2020,1.78571428571428,Porcentaje
3,Baja California Sur,8,Los Cabos,6200240425,Porcentaje de hombres de 70 a 74 años,2020,0.468212639157619,Porcentaje
3,Baja California Sur,8,Los Cabos,6200240426,Porcentaje de mujeres de 60 a 64 años,2020,1.10665832247248,Porcentaje
3,Baja California Sur,8,Los Cabos,6200240427,Porcentaje de mujeres de 65 a 69 años,2020,0.760737887043342,Porcentaje
3,Baja California Sur,8,Los Cabos,6200240428,Tasa de monolingüismo de la población de 5 años y más hablante de Otomí,2020,0.0,Porcentaje
3,Baja California Sur,8,Los Cabos,6200240430,Porcentaje de la población con limitación para caminar y moverse,2020,23.3376154646112,Porcentaje
3,Baja California Sur,8,Los Cabos,6200240431,Población de 5 años y más hablante de Purépecha (Tarasco),2020,19.0,Personas
3,Baja California Sur,8,Los Cabos,6200240432,Tasa de monolingüismo de la población de 5 años y más hablante de Zoque,2020,0.0,Porcentaje
3,Baja California Sur,8,Los Cabos,6200240433,Tasa de monolingüismo de la población de 5 años y más hablante de Lenguas zapotecas,2020,0.31104199066874,Porcentaje
3,Baja California Sur,8,Los Cabos,6200240434,Población de 5 años y más hablante de Chatino,2020,14.0,Personas
3,Baja California Sur,8,Los Cabos,6200240435,Porcentaje de la población con limitación para atender el cuidado personal,2020,3.91509145408944,Porcentaje
3,Baja California Sur,8,Los Cabos,6200240443,Porcentaje de mujeres de 35 a 39 años,2020,4.29142289562676,Porcentaje
3,Baja California Sur,8,Los Cabos,6200240444,Porcentaje de hombres de 55 a 59 años,2020,1.67132678428918,Porcentaje
3,Baja California Sur,8,Los Cabos,6200240445,Porcentaje de hombres de 5 a 9 años,2020,4.61121987908574,Porcentaje
3,Baja California Sur,8,Los Cabos,6200240447,Porcentaje de la población de 15 años y más sin instrucción,2020,2.85481079765964,Porcentaje
3,Baja California Sur,8,Los Cabos,6200240449,Tasa de monolingüismo de la población de 5 años y más hablante de lengua indígena,2020,0.60193252019642,Porcentaje
3,Baja California Sur,8,Los Cabos,6200240450,Porcentaje de la población con limitación para ver,2020,67.1774637548174,Porcentaje
3,Baja California Sur,8,Los Cabos,6200240451,Población de 5 años y más hablante de Tarahumara,2020,32.0,Personas
3,Baja California Sur,8,Los Cabos,6200240452,Población de 5 años y más hablante de Chol (Ch''ol),2020,10.0,Personas
3,Baja California Sur,8,Los Cabos,6200240453,Población de 5 años y más hablante de Totonaca (Totonaco),2020,28.0,Personas
3,Baja California Sur,8,Los Cabos,6200240454,Tasa de monolingüismo de la población de 5 años y más hablante de Mazahua,2020,0.0,Porcentaje
3,Baja California Sur,8,Los Cabos,6200240458,Porcentaje de la población con discapacidad por edad avanzada,2020,15.8939623963564,Porcentaje
3,Baja California Sur,8,Los Cabos,6200240459,Porcentaje de la población con discapacidad por nacimiento,2020,18.6500058390751,Porcentaje
3,Baja California Sur,8,Los Cabos,6200240466,Población de 5 años y más hablante de Tlapaneco,2020,206.0,Personas
3,Baja California Sur,8,Los Cabos,6200240471,Porcentaje de la población derechohabiente en el IMSS,2020,73.6774497420197,Porcentaje
3,Baja California Sur,8,Los Cabos,6200240475,Porcentaje de hombres de 80 a 84 años,2020,0.137219890568573,Porcentaje
3,Baja California Sur,8,Los Cabos,6200240477,Porcentaje de la población de 85 y más con limitación en la actividad,2020,28.1637717121588,Porcentaje
3,Baja California Sur,8,Los Cabos,6200240478,Porcentaje de la población con limitación para escuchar,2020,15.7184804551294,Porcentaje
3,Baja California Sur,8,Los Cabos,6200240479,Porcentaje de la población con limitación para poner atención o aprender,2020,17.3823943231174,Porcentaje
3,Baja California Sur,8,Los Cabos,6200240480,Población de 5 años y más hablante de Huasteco,2020,4.0,Personas
3,Baja California Sur,8,Los Cabos,6200240481,Población de 5 años y más hablante de Tzotzil (Tsotsil),2020,66.0,Personas
3,Baja California Sur,8,Los Cabos,6200240486,Porcentaje de hombres de 25 a 29 años,2020,5.00048802053131,Porcentaje
3,Baja California Sur,8,Los Cabos,6200240488,Porcentaje de la población de 15 a 29 años con limitación en la actividad,2020,6.36562920289318,Porcentaje
3,Baja California Sur,8,Los Cabos,6200240493,Porcentaje de la población de 5 años y más hablante de lengua indígena,2020,1.9881460766159,Porcentaje
3,Baja California Sur,8,Los Cabos,6200240495,Porcentaje de la población con discapacidad por otra causa,2020,12.6707929463973,Porcentaje
3,Baja California Sur,8,Los Cabos,6200240496,Población de 5 años y más hablante de Náhuatl,2020,1886.0,Personas
3,Baja California Sur,8,Los Cabos,6200240497,Población no católica,2020,43716.0,Miles DE personas
3,Baja California Sur,8,Los Cabos,6200240499,Porcentaje de la población que profesa la religión protestante y evangélica,2020,12.3057950334794,Porcentaje
3,Baja California Sur,8,Los Cabos,6200240507,Porcentaje de mujeres de 50 a 54 años,2020,2.21618735395268,Porcentaje
3,Baja California Sur,8,Los Cabos,6200240509,Tasa de monolingüismo de la población de 5 años y más hablante de Tarahumara,2020,0.0,Porcentaje
3,Baja California Sur,8,Los Cabos,6200240518,Porcentaje de hombres de 30 a 34 años,2020,4.92470130272775,Porcentaje
3,Baja California Sur,8,Los Cabos,6200240520,Porcentaje de hombres de 20 a 24 años,2020,4.68069103707234,Porcentaje
3,Baja California Sur,8,Los Cabos,6200240521,Población de 5 años y más hablante de Zoque,2020,16.0,Personas
3,Baja California Sur,8,Los Cabos,6200240522,Tasa de monolingüismo de la población de 5 años y más hablante de Purépecha (Tarasco),2020,0.0,Porcentaje
3,Baja California Sur,8,Los Cabos,6200240532,Porcentaje de hombres de 45 a 49 años,2020,3.33461558335678,Porcentaje
3,Baja California Sur,8,Los Cabos,6200240533,Porcentaje de hombres de 50 a 54 años,2020,2.48603400067749,Porcentaje
3,Baja California Sur,8,Los Cabos,6200240534,Tasa de monolingüismo de la población de 5 años y más hablante de Resto de lenguas,2020,0.6060606060606,Porcentaje
3,Baja California Sur,8,Los Cabos,6200240535,Población de 5 años y más hablante de Mazateco,2020,75.0,Personas
3,Baja California Sur,8,Los Cabos,6200240536,Tasa de monolingüismo de la población de 5 años y más hablante de Tlapaneco,2020,0.48543689320388,Porcentaje
3,Baja California Sur,8,Los Cabos,6200240537,Tasa de monolingüismo de la población de 5 años y más hablante de Tzeltal (Tseltal),2020,0.0,Porcentaje
3,Baja California Sur,8,Los Cabos,6200240538,Población de 5 años y más hablante del Resto de lenguas,2020,1980.0,Personas
3,Baja California Sur,8,Los Cabos,6200240539,Tasa de monolingüismo de la población de 5 años y más hablante de Lenguas chinantecas,2020,0.0,Porcentaje
3,Baja California Sur,8,Los Cabos,6200240540,Porcentaje de la población con discapacidad por enfermedad,2020,41.212191988789,Porcentaje
3,Baja California Sur,8,Los Cabos,6200240548,Porcentaje de mujeres de 25 a 29 años,2020,4.78432363225069,Porcentaje
3,Baja California Sur,8,Los Cabos,6200240549,Porcentaje de mujeres de 30 a 34 años,2020,4.56500146406159,Porcentaje
3,Baja California Sur,8,Los Cabos,6205370864,Porcentaje de población que se considera afrodescendiente,2020,4.96794461010905,Porcentaje
3,Baja California Sur,8,Los Cabos,6207019007,Porcentaje de la población de 12 años y más viuda,2020,2.37398183330463,Porcentaje
3,Baja California Sur,8,Los Cabos,6207019009,Porcentaje de la población de 12 años y más casada,2020,28.0678741155736,Porcentaje
3,Baja California Sur,8,Los Cabos,6207019010,Porcentaje de población de 25 años y más alfabeta,2020,97.1016355680784,Porcentaje
3,Baja California Sur,8,Los Cabos,6207019011,Porcentaje de la población de 12 años y más soltera,2020,33.4130889611127,Porcentaje
3,Baja California Sur,8,Los Cabos,6207019012,Porcentaje de la población de 12 años y más separada,2020,6.07693914266975,Porcentaje
3,Baja California Sur,8,Los Cabos,6207019016,Porcentaje de la población de 12 años y más divorciada,2020,1.8375550075664,Porcentaje
3,Baja California Sur,8,Los Cabos,6207019017,Porcentaje de población afiliada a otra institución,2020,0.341475946819671,Porcentaje
3,Baja California Sur,8,Los Cabos,6207019018,Porcentaje de población afiliada a servicios de salud,2020,79.8192024744312,Porcentaje
3,Baja California Sur,8,Los Cabos,6207019019,Porcentaje de la población de 12 años y más en unión libre,2020,28.1092786451559,Porcentaje
3,Baja California Sur,8,Los Cabos,6207019020,Porcentaje de población de 15 años y más sin escolaridad,2020,2.54951281819858,Porcentaje
3,Baja California Sur,8,Los Cabos,6207019022,Porcentaje de viviendas particulares habitadas propias,2020,59.3422396778641,Porcentaje
3,Baja California Sur,8,Los Cabos,6207019023,Porcentaje de hijos fallecidos de las mujeres de 15 a 49 años,2020,3.40961429642984,Porcentaje
3,Baja California Sur,8,Los Cabos,6207019024,Porcentaje de la población de 3 a 5 años que asiste a la escuela,2020,58.4977555068379,Porcentaje
3,Baja California Sur,8,Los Cabos,6207019026,Porcentaje de la población de 6 a 11 años que asiste a la escuela,2020,95.718462823726,Porcentaje
3,Baja California Sur,8,Los Cabos,6207019028,Porcentaje de la población de 12 a 14 años que asiste a la escuela,2020,93.7458526874585,Porcentaje
3,Baja California Sur,8,Los Cabos,6207019029,Porcentaje de la población de 15 a 24 años que asiste a la escuela,2020,40.179636749304,Porcentaje
3,Baja California Sur,8,Los Cabos,6207019030,Porcentaje de población de 12 años y más económicamente activa,2020,71.2612259404874,Porcentaje
3,Baja California Sur,8,Los Cabos,6207019031,Porcentaje de población de 15 años y más con escolaridad básica,2020,46.9295577888264,Porcentaje
3,Baja California Sur,8,Los Cabos,6207019034,Porcentaje de población de 3 años y más hablante de lengua indígena,2020,1.92142963081794,Porcentaje
3,Baja California Sur,8,Los Cabos,6207019035,Porcentaje de la población de 12 años y más No Económicamente Activa,2020,28.4306217641261,Porcentaje
3,Baja California Sur,8,Los Cabos,6207019036,Promedio de hijos nacidos vivos de las mujeres de 15 a 49 años EI2015,2020,1.52624553374282,Promedio
3,Baja California Sur,8,Los Cabos,6207019039,Porcentaje de la población de 12 años y más económicamente activa ocupada,2020,98.3361099113552,Porcentaje
3,Baja California Sur,8,Los Cabos,6207019040,Porcentaje de la población femenina de 12 años y más económicamente activa,2020,40.4485716048621,Porcentaje
3,Baja California Sur,8,Los Cabos,6207019042,Porcentaje de viviendas particulares habitadas que disponen de Internet,2020,62.4222224413525,Porcentaje
3,Baja California Sur,8,Los Cabos,6207019043,Porcentaje de la población masculina de 12 años y más económicamente activa,2020,59.5514283951379,Porcentaje
3,Baja California Sur,8,Los Cabos,6207019046,Porcentaje de viviendas particulares habitadas que disponen de computadora,2020,41.2450325901529,Porcentaje
3,Baja California Sur,8,Los Cabos,6207019047,Porcentaje de la población de 12 años y más no económicamente activa que estudia,2020,44.1102175482009,Porcentaje
3,Baja California Sur,8,Los Cabos,6207019050,Porcentaje de viviendas particulares habitadas que disponen de teléfono fijo,2020,34.0515328711875,Porcentaje
3,Baja California Sur,8,Los Cabos,6207019051,Porcentaje de la población de 12 años y más sin especificar su situación conyugal,2020,0.121282294617045,Porcentaje
3,Baja California Sur,8,Los Cabos,6207019054,Porcentaje de la población femenina de 12 años y más económicamente activa ocupada,2020,98.8381257468284,Porcentaje
3,Baja California Sur,8,Los Cabos,6207019055,Porcentaje de viviendas particulares habitadas que disponen de teléfono celular,2020,95.1247892240487,Porcentaje
3,Baja California Sur,8,Los Cabos,6207019056,Porcentaje de la población masculina de 12 años y más económicamente activa ocupada,2020,97.9951302906284,Porcentaje
3,Baja California Sur,8,Los Cabos,6207019057,Porcentaje de viviendas particulares habitadas que disponen de televisión de paga,2020,50.9086785457199,Porcentaje
3,Baja California Sur,8,Los Cabos,6207019058,Porcentaje de población de 3 años y más hablante de lengua indígena que no habla español,2020,0.598613736609956,Porcentaje
3,Baja California Sur,8,Los Cabos,6207019059,Porcentaje de población de 12 años con condición de actividad económica no especificada,2020,0.308152295386509,Porcentaje
3,Baja California Sur,8,Los Cabos,6207019060,Porcentaje de la población de 12 años y más no económicamente activa que es pensionada o jubilada,2020,5.02371378492628,Porcentaje
3,Baja California Sur,8,Los Cabos,6207019063,Porcentaje de superficie en el ámbito geográfico de referencia respecto a la unidad geográfica superior,2020,5.07587207203956,Porcentaje
3,Baja California Sur,8,Los Cabos,6207019064,Porcentaje de la población de 12 años y más no económicamente activa que se dedica a los quehaceres del hogar,2020,39.9628827714197,Porcentaje
3,Baja California Sur,8,Los Cabos,6207019065,Porcentaje de la población de 12 años y más no económicamente activa que realiza otras actividades no económicas,2020,8.92231157851325,Porcentaje
3,Baja California Sur,8,Los Cabos,6207019070,Porcentaje de la población de 12 años y más no económicamente activa con alguna limitación física o mental que les impide trabajar,2020,1.98087431693989,Porcentaje
3,Baja California Sur,8,Los Cabos,6207020032,Porcentaje de hombres,2020,51.5346998527531,Porcentaje
3,Baja California Sur,8,Los Cabos,6207020033,Porcentaje de mujeres,2020,48.4653001472469,Porcentaje
3,Baja California Sur,8,Los Cabos,6207020035,Promedio de ocupantes por cuarto (Índice de hacinamiento),2020,1.20547945205479,Promedio
3,Baja California Sur,8,Los Cabos,6207049066,Población de 6 a 14 años que sabe leer y escribir,2020,49854.0,Porcentaje
3,Baja California Sur,8,Los Cabos,6207049067,Población de 6 a 14 años que no sabe leer y escribir,2020,6160.0,Porcentaje
3,Baja California Sur,8,Los Cabos,6207049068,Porcentaje de la población de 3 años y más que asiste a la escuela,2020,28.0901631156944,Porcentaje
3,Baja California Sur,8,Los Cabos,6207049069,Porcentaje de la población de 3 años y más que no asiste a la escuela,2020,71.7436640948729,Porcentaje
3,Baja California Sur,8,Los Cabos,6207049070,Población de 6 a 14 años que no especificó si sabe o no leer y escribir,2020,374.0,Porcentaje
3,Baja California Sur,8,Los Cabos,6207049071,Porcentaje de la población de 3 años y más que no especificó si asiste o no a la escuela,2020,0.166172789432742,Porcentaje
3,Baja California Sur,8,Los Cabos,6207051593,Porcentaje de población de 6 a 14 años que no asiste a la escuela,2020,4.765198,Porcentaje
3,Baja California Sur,8,Los Cabos,6207068394,Porcentaje de viviendas con agua entubada dentro de la vivienda,2020,76.8644427133151,Porcentaje
3,Baja California Sur,8,Los Cabos,6207129629,Porcentaje de la población nacional/estatal que representa,2020,43.9742399933872,Porcentaje
3,Baja California Sur,8,Los Cabos,6207129630,Promedio de ocupantes por dormitorio,2020,1.88772270530347,Promedio
3,Baja California Sur,8,Los Cabos,6207129631,Porcentaje de viviendas particulares habitadas que disponen de tinaco,2020,77.6710613247084,Porcentaje
3,Baja California Sur,8,Los Cabos,6207129632,Porcentaje de viviendas particulares habitadas que disponen de cisterna o aljibe,2020,31.0696078334697,Porcentaje
3,Baja California Sur,8,Los Cabos,6207129635,Porcentaje de viviendas particulares habitadas que disponen de Automóvil o camioneta,2020,59.6099042510181,Porcentaje
3,Baja California Sur,8,Los Cabos,6207129636,Porcentaje de viviendas particulares habitadas que disponen de motocicleta o motoneta,2020,7.81177584285728,Porcentaje
3,Baja California Sur,8,Los Cabos,6207129637,Porcentaje de viviendas particulares habitadas que disponen de bicicleta como medio de transporte,2020,8.10957391210026,Porcentaje
3,Baja California Sur,8,Los Cabos,6207129638,Porcentaje de la población con algún tipo de  discapacidad,2020,3.19500101107627,Porcentaje
3,Baja California Sur,8,Los Cabos,6207129639,Porcentaje de la población entre 0 y 17 años con algún tipo de  discapacidad,2020,1.91998700149844,Porcentaje
3,Baja California Sur,8,Los Cabos,6207129640,Porcentaje de la población entre 18 y 29 años con algún tipo de  discapacidad,2020,1.66537065837221,Porcentaje
3,Baja California Sur,8,Los Cabos,6207129641,Porcentaje de la población entre 30 y 59 años con algún tipo de  discapacidad,2020,2.99055576511113,Porcentaje
3,Baja California Sur,8,Los Cabos,6207129642,Porcentaje de la población de 60 años y más con algún tipo de  discapacidad,2020,18.1100779090224,Porcentaje
3,Baja California Sur,8,Los Cabos,6207129643,Porcentaje de la población de 5 y más años migrante según causa: Trabajo,2020,55.218448855302,Porcentaje
3,Baja California Sur,8,Los Cabos,6207129644,Porcentaje de la población de 5 y más años migrante según causa: Familiar,2020,35.5088475035743,Porcentaje
3,Baja California Sur,8,Los Cabos,6207129645,Porcentaje de la población de 5 y más años migrante según causa: Educativa,2020,2.33395844551312,Porcentaje
3,Baja California Sur,8,Los Cabos,6207129646,Porcentaje de la población de 5 y más años migrante según causa: Inseguridad delictiva o violencia,2020,3.50929312809848,Porcentaje
3,Baja California Sur,8,Los Cabos,6207129647,Porcentaje de la población de 5 y más años migrante según causa: Otra causa,2020,1.68594611656795,Porcentaje
3,Baja California Sur,8,Los Cabos,6207129648,Promedio de hijos nacidos vivos por grupo de edad: 15-19,2020,0.120457796852647,Promedio
3,Baja California Sur,8,Los Cabos,6207129649,Promedio de hijos nacidos vivos por grupo de edad: 20-24,2020,0.693510091017016,Promedio
3,Baja California Sur,8,Los Cabos,6207129650,Promedio de hijos nacidos vivos por grupo de edad: 25-29,2020,1.27304964539007,Promedio
3,Baja California Sur,8,Los Cabos,6207129651,Promedio de hijos nacidos vivos por grupo de edad: 30-34,2020,1.80409706901986,Promedio
3,Baja California Sur,8,Los Cabos,6207129652,Promedio de hijos nacidos vivos por grupo de edad: 35-39,2020,2.16128600133958,Promedio
3,Baja California Sur,8,Los Cabos,6207129653,Promedio de hijos nacidos vivos por grupo de edad: 40-44,2020,2.44241529375194,Promedio
3,Baja California Sur,8,Los Cabos,6207129654,Promedio de hijos nacidos vivos por grupo de edad: 45-49,2020,2.58706955753949,Promedio
3,Baja California Sur,8,Los Cabos,6207129812,Porcentaje de viviendas particulares habitadas que disponen de refrigerador,2020,90.8540493634813,Porcentaje
3,Baja California Sur,8,Los Cabos,6207129813,Porcentaje de viviendas particulares habitadas que disponen de lavadora,2020,61.9143879855243,Porcentaje
3,Baja California Sur,8,Los Cabos,6207129818,Porcentaje de la población derechohabiente en Instituto de Salud para el Bienestar (IMSS-PROSPERA o IMSS-BIENESTAR),2020,0.633354028845262,Porcentaje
3,Baja California Sur,8,Los Cabos,6207129822,Ubicación geográfica con la mayor cantidad de pobladores. Primer lugar,2020,30080054.0,No aplica
3,Baja California Sur,8,Los Cabos,6207129825,Población de la ubicación geográfica con la mayor cantidad de pobladores. Primer lugar,2020,202694.0,Personas
3,Baja California Sur,8,Los Cabos,6207129828,Lengua indígena más frecuente. Descripción. Primer lugar,2020,211.0,No aplica
3,Baja California Sur,8,Los Cabos,6207129830,Lengua indígena más frecuente. Porcentaje. Primer lugar,2020,34.6329021679723,Porcentaje
3,Baja California Sur,8,Los Cabos,6207129840,Total de áreas geográficas,2020,428.0,Municipios
3,Baja California Sur,9,Loreto,1001000001,Superficie continental,2020,4415.63449391,Kilómetros cuadrados
3,Baja California Sur,9,Loreto,1002000001,Población total,2020,18052.0,Personas
3,Baja California Sur,9,Loreto,1002000002,Población total hombres,2020,9257.0,Personas
3,Baja California Sur,9,Loreto,1002000003,Población total mujeres,2020,8795.0,Personas
3,Baja California Sur,9,Loreto,1002000004,Porcentaje de población de 15 a 29 años,2020,22.3294509151414,Porcentaje
3,Baja California Sur,9,Loreto,1002000005,Porcentaje de hombres de 15 a 29 años,2020,22.1176725070301,Porcentaje
3,Baja California Sur,9,Loreto,1002000006,Porcentaje de mujeres de 15 a 29 años,2020,22.5523679417122,Porcentaje
3,Baja California Sur,9,Loreto,1002000007,Porcentaje de población de 60 y más años,2020,11.4032168607876,Porcentaje
3,Baja California Sur,9,Loreto,1002000008,Porcentaje de hombres de 60 y más años,2020,11.9078520441272,Porcentaje
3,Baja California Sur,9,Loreto,1002000009,Porcentaje de mujeres de 60 y más años,2020,10.8720400728597,Porcentaje
3,Baja California Sur,9,Loreto,1002000010,Edad mediana,2020,31.0,Años
3,Baja California Sur,9,Loreto,1002000011,Edad mediana hombres,2020,31.0,Años
3,Baja California Sur,9,Loreto,1002000012,Edad mediana mujeres,2020,31.0,Años
3,Baja California Sur,9,Loreto,1002000013,Promedio de hijos nacidos vivos de las mujeres de 12 años y más,2020,2.06495726495727,Promedio
3,Baja California Sur,9,Loreto,1002000014,Población en hogares censales,2020,17926.0,Personas
3,Baja California Sur,9,Loreto,1002000015,Población en hogares familiares,2020,16835.0,Personas
3,Baja California Sur,9,Loreto,1002000016,Población en hogares no familiares,2020,1075.0,Personas
3,Baja California Sur,9,Loreto,1002000018,Hogares censales,2020,5629.0,Hogares
3,Baja California Sur,9,Loreto,1002000019,Hogares con jefatura masculina,2020,3977.0,Hogares
3,Baja California Sur,9,Loreto,1002000020,Hogares con jefatura femenina,2020,1652.0,Hogares
3,Baja California Sur,9,Loreto,1002000021,Tamaño promedio de los hogares censales,2020,3.18457985432581,Personas
3,Baja California Sur,9,Loreto,1002000022,Tamaño promedio de los hogares con jefe hombre,2020,3.25421171737491,Personas
3,Baja California Sur,9,Loreto,1002000023,Tamaño promedio de los hogares con jefe mujer,2020,3.01694915254237,Personas
3,Baja California Sur,9,Loreto,1002000024,Relación hombres-mujeres,2020,105.25298465037,Hombres por cada 100 mujeres
3,Baja California Sur,9,Loreto,1002000041,Porcentaje de personas de 15 años y más alfabetas,2020,97.592235886798,Porcentaje
3,Baja California Sur,9,Loreto,1002000050,Tasa de alfabetización de las personas de 15 a 24 años,2020,99.0451707675358,Tasa
3,Baja California Sur,9,Loreto,1002000055,Población de edad no especificada,2020,22.0,Personas
3,Baja California Sur,9,Loreto,1002000056,Población de edad no especificada. Hombres,2020,11.0,Personas
3,Baja California Sur,9,Loreto,1002000057,Población de edad no especificada. Mujeres,2020,11.0,Personas
3,Baja California Sur,9,Loreto,1002000058,Población de 0 a 4 años,2020,1353.0,Personas
3,Baja California Sur,9,Loreto,1002000059,Población de 0 a 4 años. Hombres,2020,680.0,Personas
3,Baja California Sur,9,Loreto,1002000060,Población de 0 a 4 años. Mujeres,2020,673.0,Personas
3,Baja California Sur,9,Loreto,1002000061,Población de 10 a 14 años,2020,1623.0,Personas
3,Baja California Sur,9,Loreto,1002000062,Población de 10 a 14 años. Hombres,2020,838.0,Personas
3,Baja California Sur,9,Loreto,1002000063,Población de 10 a 14 años. Mujeres,2020,785.0,Personas
3,Baja California Sur,9,Loreto,1002000064,Población de 100 años y más,2020,2.0,Personas
3,Baja California Sur,9,Loreto,1002000065,Población de 100 años y más. Hombres,2020,1.0,Personas
3,Baja California Sur,9,Loreto,1002000066,Población de 100 años y más. Mujeres,2020,1.0,Personas
3,Baja California Sur,9,Loreto,1002000067,Población de 15 a 19 años,2020,1477.0,Personas
3,Baja California Sur,9,Loreto,1002000068,Población de 15 a 19 años. Hombres,2020,739.0,Personas
3,Baja California Sur,9,Loreto,1002000069,Población de 15 a 19 años. Mujeres,2020,738.0,Personas
3,Baja California Sur,9,Loreto,1002000070,Población de 20 a 24 años,2020,1246.0,Personas
3,Baja California Sur,9,Loreto,1002000071,Población de 20 a 24 años. Hombres,2020,632.0,Personas
3,Baja California Sur,9,Loreto,1002000072,Población de 20 a 24 años. Mujeres,2020,614.0,Personas
3,Baja California Sur,9,Loreto,1002000073,Población de 25 a 29 años,2020,1303.0,Personas
3,Baja California Sur,9,Loreto,1002000074,Población de 25 a 29 años. Hombres,2020,674.0,Personas
3,Baja California Sur,9,Loreto,1002000075,Población de 25 a 29 años. Mujeres,2020,629.0,Personas
3,Baja California Sur,9,Loreto,1002000076,Población de 30 a 34 años,2020,1399.0,Personas
3,Baja California Sur,9,Loreto,1002000077,Población de 30 a 34 años. Hombres,2020,692.0,Personas
3,Baja California Sur,9,Loreto,1002000078,Población de 30 a 34 años. Mujeres,2020,707.0,Personas
3,Baja California Sur,9,Loreto,1002000079,Población de 35 a 39 años,2020,1393.0,Personas
3,Baja California Sur,9,Loreto,1002000080,Población de 35 a 39 años. Hombres,2020,707.0,Personas
3,Baja California Sur,9,Loreto,1002000081,Población de 35 a 39 años. Mujeres,2020,686.0,Personas
3,Baja California Sur,9,Loreto,1002000082,Población de 40 a 44 años,2020,1244.0,Personas
3,Baja California Sur,9,Loreto,1002000083,Población de 40 a 44 años. Hombres,2020,663.0,Personas
3,Baja California Sur,9,Loreto,1002000084,Población de 40 a 44 años. Mujeres,2020,581.0,Personas
3,Baja California Sur,9,Loreto,1002000085,Población de 45 a 49 años,2020,1279.0,Personas
3,Baja California Sur,9,Loreto,1002000086,Población de 45 a 49 años. Hombres,2020,678.0,Personas
3,Baja California Sur,9,Loreto,1002000087,Población de 45 a 49 años. Mujeres,2020,601.0,Personas
3,Baja California Sur,9,Loreto,1002000088,Población de 5 a 9 años,2020,1556.0,Personas
3,Baja California Sur,9,Loreto,1002000089,Población de 5 a 9 años. Hombres,2020,799.0,Personas
3,Baja California Sur,9,Loreto,1002000090,Población de 5 a 9 años. Mujeres,2020,757.0,Personas
3,Baja California Sur,9,Loreto,1002000091,Población de 50 a 54 años,2020,1140.0,Personas
3,Baja California Sur,9,Loreto,1002000092,Población de 50 a 54 años. Hombres,2020,548.0,Personas
3,Baja California Sur,9,Loreto,1002000093,Población de 50 a 54 años. Mujeres,2020,592.0,Personas
3,Baja California Sur,9,Loreto,1002000094,Población de 55 a 59 años,2020,961.0,Personas
3,Baja California Sur,9,Loreto,1002000095,Población de 55 a 59 años. Hombres,2020,495.0,Número de personas
3,Baja California Sur,9,Loreto,1002000096,Población de 55 a 59 años. Mujeres,2020,466.0,Número de personas
3,Baja California Sur,9,Loreto,1002000097,Población de 60 a 64 años,2020,770.0,Personas
3,Baja California Sur,9,Loreto,1002000098,Población de 60 a 64 años. Hombres,2020,439.0,Número de personas
3,Baja California Sur,9,Loreto,1002000099,Población de 60 a 64 años. Mujeres,2020,331.0,Número de personas
3,Baja California Sur,9,Loreto,1002000100,Población de 65 a 69 años,2020,510.0,Personas
3,Baja California Sur,9,Loreto,1002000101,Población de 65 a 69 años. Hombres,2020,263.0,Número de personas
3,Baja California Sur,9,Loreto,1002000102,Población de 65 a 69 años. Mujeres,2020,247.0,Número de personas
3,Baja California Sur,9,Loreto,1002000103,Población de 70 a 74 años,2020,354.0,Personas
3,Baja California Sur,9,Loreto,1002000104,Población de 70 a 74 años. Hombres,2020,181.0,Número de personas
3,Baja California Sur,9,Loreto,1002000105,Población de 70 a 74 años. Mujeres,2020,173.0,Número de personas
3,Baja California Sur,9,Loreto,1002000106,Población de 75 a 79 años,2020,222.0,Personas
3,Baja California Sur,9,Loreto,1002000107,Población de 75 a 79 años. Hombres,2020,122.0,Número de personas
3,Baja California Sur,9,Loreto,1002000108,Población de 75 a 79 años. Mujeres,2020,100.0,Número de personas
3,Baja California Sur,9,Loreto,1002000109,Población de 80 a 84 años,2020,115.0,Personas
3,Baja California Sur,9,Loreto,1002000110,Población de 80 a 84 años. Hombres,2020,58.0,Número de personas
3,Baja California Sur,9,Loreto,1002000111,Población de 80 a 84 años. Mujeres,2020,57.0,Número de personas
3,Baja California Sur,9,Loreto,1002000112,Población de 85 a 89 años,2020,48.0,Personas
3,Baja California Sur,9,Loreto,1002000113,Población de 85 a 89 años. Hombres,2020,27.0,Número de personas
3,Baja California Sur,9,Loreto,1002000114,Población de 85 a 89 años. Mujeres,2020,21.0,Número de personas
3,Baja California Sur,9,Loreto,1002000115,Población de 90 a 94 años,2020,23.0,Personas
3,Baja California Sur,9,Loreto,1002000116,Población de 90 a 94 años. Hombres,2020,6.0,Número de personas
3,Baja California Sur,9,Loreto,1002000117,Población de 90 a 94 años. Mujeres,2020,17.0,Número de personas
3,Baja California Sur,9,Loreto,1002000118,Población de 95 a 99 años,2020,12.0,Personas
3,Baja California Sur,9,Loreto,1002000119,Población de 95 a 99 años. Hombres,2020,4.0,Número de personas
3,Baja California Sur,9,Loreto,1002000120,Población de 95 a 99 años. Mujeres,2020,8.0,Número de personas
3,Baja California Sur,9,Loreto,1002000127,Relación de dependencia,2020,47.641663937111,Personas dependientes por cada 100 personas en edad de trabajar
3,Baja California Sur,9,Loreto,1003000001,Total de viviendas particulares habitadas,2020,5629.0,Viviendas
3,Baja California Sur,9,Loreto,1003000011,Viviendas particulares habitadas,2020,5191.0,Número de Viviendas
3,Baja California Sur,9,Loreto,1003000015,Promedio de ocupantes en viviendas particulares habitadas,2020,3.19532374100719,Promedio
3,Baja California Sur,9,Loreto,1003000017,Viviendas particulares habitadas que disponen de energía eléctrica,2020,5476.0,Viviendas
3,Baja California Sur,9,Loreto,1003000018,Viviendas particulares habitadas que disponen de agua de la red pública en el ámbito de la vivienda,2020,5372.0,Viviendas
3,Baja California Sur,9,Loreto,1003000019,Viviendas particulares habitadas que disponen de drenaje,2020,5385.0,Viviendas
3,Baja California Sur,9,Loreto,1003000020,Viviendas particulares habitadas que disponen de excusado o sanitario,2020,5459.0,Viviendas
3,Baja California Sur,9,Loreto,1003000023,Viviendas particulares habitadas que disponen de lavadora,2020,4101.0,Viviendas
3,Baja California Sur,9,Loreto,1003000024,Viviendas particulares habitadas que disponen de computadora,2020,2287.0,Viviendas
3,Baja California Sur,9,Loreto,1004000001,Población derechohabiente a servicios de salud,2020,15634.0,Personas
3,Baja California Sur,9,Loreto,1005000012,Población de 5 años y más que asiste a la escuela,2020,4486.0,Personas
3,Baja California Sur,9,Loreto,1005000038,Grado promedio de escolaridad de la población de 15 y más años,2020,9.98529411764706,Años de escolaridad
3,Baja California Sur,9,Loreto,1005000039,Población de 5 años y más hablante de lengua indígena,2020,205.0,Personas
3,Baja California Sur,9,Loreto,3104003001,Porcentaje de población inmigrante (migración reciente),2020,4.92209204010146,Porcentaje
3,Baja California Sur,9,Loreto,3105001001,Densidad de población,2020,4.08820069344443,Habitantes por kilómetro cuadrado
3,Baja California Sur,9,Loreto,3105004001,Porcentaje de población en localidades de menos de 2 500 habitantes,2020,9.64436073565256,Porcentaje
3,Baja California Sur,9,Loreto,3108001001,Porcentaje de analfabetas total,2020,2.2077344791821,Porcentaje
3,Baja California Sur,9,Loreto,3108001002,Porcentaje de analfabetas hombres,2020,2.30913551739068,Porcentaje
3,Baja California Sur,9,Loreto,3108001003,Porcentaje de analfabetas mujeres,2020,2.1007763738773,Porcentaje
3,Baja California Sur,9,Loreto,3114004001,Porcentaje de viviendas con piso de tierra,2020,4.10071942446043,Porcentaje
3,Baja California Sur,9,Loreto,3114006001,Porcentaje de viviendas con electricidad,2020,98.4892086330935,Porcentaje
3,Baja California Sur,9,Loreto,6200031290,Porcentaje de viviendas particulares habitadas con disponibilidad de drenaje,2020,96.8525179856115,Porcentaje
3,Baja California Sur,9,Loreto,6200031291,Porcentaje de viviendas particulares habitadas con disponibilidad de excusado,2020,98.1834532374101,Porcentaje
3,Baja California Sur,9,Loreto,6200108938,Porcentaje de viviendas con techos de materiales resistentes,2020,51.2497784080837,Porcentaje
3,Baja California Sur,9,Loreto,6200205238,Población de 8 a 14 años que sabe leer y escribir,2020,2163.0,Personas
3,Baja California Sur,9,Loreto,6200205244,Viviendas que son cuarto de azotea,2020,2.0,Viviendas
3,Baja California Sur,9,Loreto,6200205245,Viviendas móviles,2020,51.0,Viviendas
3,Baja California Sur,9,Loreto,6200205246,Viviendas que son departamento en edificio o vivienda en vecindad,2020,181.0,Viviendas
3,Baja California Sur,9,Loreto,6200205247,Viviendas que son refugio,2020,11.0,Viviendas
3,Baja California Sur,9,Loreto,6200205248,Viviendas colectivas,2020,6.0,Viviendas
3,Baja California Sur,9,Loreto,6200205249,Viviendas que son casa independiente o local no construido para habitación,2020,4398.0,Viviendas
3,Baja California Sur,9,Loreto,6200205251,Promedio de hijos nacidos vivos de las mujeres de 12 años y más casada sólo religiosamente,2020,2.36363636363636,Promedio
3,Baja California Sur,9,Loreto,6200205252,Población de 5 años y más inmigrante,2020,1250.0,Personas
3,Baja California Sur,9,Loreto,6200205253,Población total sin limitación en la actividad,2020,14531.0,Personas
3,Baja California Sur,9,Loreto,6200205254,Población total que no especificó limitación en la actividad,2020,40.0,Personas
3,Baja California Sur,9,Loreto,6200205255,Porcentaje de la población migrante internacional destino otro país,2020,10.8108108108108,Porcentaje
3,Baja California Sur,9,Loreto,6200205256,Población de 5 años y más con religión no especificada,2020,21.0,Personas
3,Baja California Sur,9,Loreto,6200205257,Población de 5 años y más católica,2020,13170.0,Personas
3,Baja California Sur,9,Loreto,6200205258,Promedio de hijos nacidos vivos de las mujeres de 12 años y más solteras,2020,0.452164617851416,Promedio
3,Baja California Sur,9,Loreto,6200205259,Población nacida en otro país residente en México,2020,267.0,Personas
3,Baja California Sur,9,Loreto,6200205260,Población con limitación en la actividad para escuchar,2020,445.0,Personas
3,Baja California Sur,9,Loreto,6200205261,Población con limitación en la actividad para hablar o comunicarse,2020,157.0,Personas
3,Baja California Sur,9,Loreto,6200205263,Población con limitación en la actividad para caminar o moverse,2020,676.0,Personas
3,Baja California Sur,9,Loreto,6200205264,Porcentaje de la población migrante internacional destino no especificado,2020,0.0,Porcentaje
3,Baja California Sur,9,Loreto,6200205265,Promedio de hijos nacidos vivos de las mujeres de 12 años y más que no especificó estado conyugal,2020,0.0,Promedio
3,Baja California Sur,9,Loreto,6200205266,Promedio de hijos nacidos vivos de las mujeres de 12 años y más casada civil y religiosamente,2020,2.76284246575342,Promedio
3,Baja California Sur,9,Loreto,6200205267,Promedio de hijos nacidos vivos de las mujeres de 12 años y más separadas,2020,2.60373831775701,Promedio
3,Baja California Sur,9,Loreto,6200205268,Población nacida en otro país residente en México hombres,2020,140.0,Personas
3,Baja California Sur,9,Loreto,6200205269,Población con limitación en la actividad para atender el cuidado personal,2020,105.0,Personas
3,Baja California Sur,9,Loreto,6200205270,Población con limitación en la actividad para poner atención o aprender,2020,565.0,Personas
3,Baja California Sur,9,Loreto,6200205271,Población con limitación en la actividad,2020,2490.0,Personas
3,Baja California Sur,9,Loreto,6200205272,Porcentaje de población nacida en otro país residente en México,2020,1.47906049191225,Porcentaje
3,Baja California Sur,9,Loreto,6200205273,Población de 5 años y más con religión distinta de católica,2020,2080.0,Personas
3,Baja California Sur,9,Loreto,6200205274,Porcentaje de población masculina nacida en otro país residente en México,2020,1.5123690180404,Porcentaje
3,Baja California Sur,9,Loreto,6200205275,Promedio de hijos nacidos vivos de las mujeres de 12 años y más divorciadas,2020,2.58682634730539,Promedio
3,Baja California Sur,9,Loreto,6200205276,Promedio de hijos nacidos vivos de las mujeres de 12 años y más en unión libre,2020,2.24738493723849,Promedio
3,Baja California Sur,9,Loreto,6200205277,Población de 5 años y más emigrante,2020,912.0,Personas
3,Baja California Sur,9,Loreto,6200205279,Promedio de hijos nacidos vivos de las mujeres de 12 años y más casada sólo por lo civil,2020,2.47236180904523,Promedio
3,Baja California Sur,9,Loreto,6200205280,Población con limitación en la actividad para ver,2020,1642.0,Personas
3,Baja California Sur,9,Loreto,6200205282,Porcentaje de población femenina nacida en otro país residente en México,2020,1.44400227401933,Porcentaje
3,Baja California Sur,9,Loreto,6200205283,Promedio de hijos nacidos vivos de las mujeres de 12 años y más viudas,2020,4.54888888888889,Promedio
3,Baja California Sur,9,Loreto,6200205284,Población nacida en otro país residente en México mujeres,2020,127.0,Personas
3,Baja California Sur,9,Loreto,6200205285,Porcentaje de la población migrante internacional destino Estados Unidos de América,2020,89.1891891891892,Porcentaje
3,Baja California Sur,9,Loreto,6200205286,Población con limitación en la actividad mental,2020,235.0,Personas
3,Baja California Sur,9,Loreto,6200205288,Índice de masculinidad de la población nacida en otro país residente en México,2020,110.236220472441,Índice
3,Baja California Sur,9,Loreto,6200205289,Población de 5 años y más sin religión,2020,1406.0,Personas
3,Baja California Sur,9,Loreto,6200240300,Porcentaje de hombres de 0 a 4 años,2020,3.77149195784803,Porcentaje
3,Baja California Sur,9,Loreto,6200240301,Población católica,2020,14.239,Miles DE personas
3,Baja California Sur,9,Loreto,6200240302,Porcentaje de la población de 60 a 84 años con limitación en la actividad,2020,34.2973110096398,Porcentaje
3,Baja California Sur,9,Loreto,6200240304,Tasa de monolingüismo de la población de 5 años y más hablante de Tojolabal,2020,0.0,Porcentaje
3,Baja California Sur,9,Loreto,6200240305,Porcentaje de la población que profesa la religión católica,2020,78.877686682916,Porcentaje
3,Baja California Sur,9,Loreto,6200240310,Porcentaje de mujeres de 75 a 79 años,2020,0.554631170271769,Porcentaje
3,Baja California Sur,9,Loreto,6200240311,Porcentaje de hombres de 10 a 14 años,2020,4.64780920687743,Porcentaje
3,Baja California Sur,9,Loreto,6200240312,Porcentaje de mujeres de 5 a 9 años,2020,4.19855795895729,Porcentaje
3,Baja California Sur,9,Loreto,6200240314,Porcentaje de la población de 15 años y más con instrucción media superior,2020,28.4264335457105,Porcentaje
3,Baja California Sur,9,Loreto,6200240315,Porcentaje de la población con limitación mental,2020,1.36413769083416,Porcentaje
3,Baja California Sur,9,Loreto,6200240316,Tasa de monolingüismo de la población de 5 años y más hablante de Maya,2020,0.0,Porcentaje
3,Baja California Sur,9,Loreto,6200240318,Población de 5 años y más hablante de Tzeltal  (Tseltal),2020,0.0,Personas
3,Baja California Sur,9,Loreto,6200240319,Tasa de monolingüismo de la población de 5 años y más hablante de Mazateco,2020,0.0,Porcentaje
3,Baja California Sur,9,Loreto,6200240320,Población de 5 años y más hablante de Lenguas chinantecas,2020,4.0,Personas
3,Baja California Sur,9,Loreto,6200240323,Porcentaje de la población derechohabiente en el Seguro popular,2020,30.7406933606243,Porcentaje
3,Baja California Sur,9,Loreto,6200240325,Tasa de monolingüismo de la población de 5 años y más hablante de Náhuatl,2020,0.0,Porcentaje
3,Baja California Sur,9,Loreto,6200240326,Población de 5 años y más hablante de Lenguas zapotecas,2020,46.0,Personas
3,Baja California Sur,9,Loreto,6200240328,Porcentaje de mujeres de 55 a 59 años,2020,2.58458125346644,Porcentaje
3,Baja California Sur,9,Loreto,6200240330,Porcentaje de hombres de 75 a 79 años,2020,0.676650027731559,Porcentaje
3,Baja California Sur,9,Loreto,6200240331,Población de 5 años y más hablante de Maya,2020,6.0,Personas
3,Baja California Sur,9,Loreto,6200240332,Población de 5 años y más hablante de Otomí,2020,0.0,Personas
3,Baja California Sur,9,Loreto,6200240334,Población de 5 años y más hablante de Tojolabal,2020,6.0,Personas
3,Baja California Sur,9,Loreto,6200240341,Porcentaje de mujeres de 40 a 44 años,2020,3.22240709927898,Porcentaje
3,Baja California Sur,9,Loreto,6200240342,Porcentaje de mujeres de 70 a 74 años,2020,0.959511924570161,Porcentaje
3,Baja California Sur,9,Loreto,6200240343,Porcentaje de hombres de 15 a 19 años,2020,4.09872434830837,Porcentaje
3,Baja California Sur,9,Loreto,6200240344,Porcentaje de mujeres de 85 años y más,2020,0.260676650027732,Porcentaje
3,Baja California Sur,9,Loreto,6200240345,Población de 5 años y más hablante de Mixe,2020,0.0,Personas
3,Baja California Sur,9,Loreto,6200240354,Porcentaje de mujeres de 10 a 14 años,2020,4.35385468663339,Porcentaje
3,Baja California Sur,9,Loreto,6200240356,Porcentaje de mujeres de 20 a 24 años,2020,3.40543538546866,Porcentaje
3,Baja California Sur,9,Loreto,6200240357,Porcentaje de hombres de 35 a 39 años,2020,3.92124237382141,Porcentaje
3,Baja California Sur,9,Loreto,6200240358,Porcentaje de la población de 0 a 14 años con limitación en la actividad,2020,4.87643424536628,Porcentaje
3,Baja California Sur,9,Loreto,6200240361,Población de 5 años y más hablante de Mazahua,2020,1.0,Personas
3,Baja California Sur,9,Loreto,6200240364,Tasa de monolingüismo de la población de 5 años y más hablante de Chatino,2020,0.0,Porcentaje
3,Baja California Sur,9,Loreto,6200240365,Porcentaje de la población de 15 años y más con instrucción superior,2020,19.9881463920581,Porcentaje
3,Baja California Sur,9,Loreto,6200240366,Tasa de monolingüismo de la población de 5 años y más hablante de Lenguas mixtecas,2020,0.0,Porcentaje
3,Baja California Sur,9,Loreto,6200240367,Porcentaje de la población con limitación para hablar o comunicarse,2020,5.32953620829943,Porcentaje
3,Baja California Sur,9,Loreto,6200240368,Porcentaje de la población de 15 años y más con instrucción no especificada,2020,0.214846643947251,Porcentaje
3,Baja California Sur,9,Loreto,6200240377,Porcentaje de mujeres de 45 a 49 años,2020,3.33333333333333,Porcentaje
3,Baja California Sur,9,Loreto,6200240378,Porcentaje de mujeres de 0 a 4 años,2020,3.73266777592901,Porcentaje
3,Baja California Sur,9,Loreto,6200240379,Porcentaje de mujeres de 80 a 84 años,2020,0.316139767054908,Porcentaje
3,Baja California Sur,9,Loreto,6200240381,Tasa de monolingüismo de la población de 5 años y más hablante de Tzotzil (Tsotsil),2020,0.0,Porcentaje
3,Baja California Sur,9,Loreto,6200240384,Porcentaje de mujeres de 15 a 19 años,2020,4.09317803660566,Porcentaje
3,Baja California Sur,9,Loreto,6200240386,Población de 5 años y más hablante de Lenguas mixtecas,2020,11.0,Personas
3,Baja California Sur,9,Loreto,6200240388,Porcentaje de hombres de 65 a 69 años,2020,1.45867997781475,Porcentaje
3,Baja California Sur,9,Loreto,6200240389,Tasa de crecimiento promedio anual de las viviendas particulares habitadas,2020,1.83241270651129,Tasa
3,Baja California Sur,9,Loreto,6200240390,Porcentaje de la población con discapacidad por accidente,2020,12.8072445019405,Porcentaje
3,Baja California Sur,9,Loreto,6200240395,"Viviendas, de cada cien que cuentan con electricidad, agua y drenaje",2020,94.2805755395683,Porcentaje
3,Baja California Sur,9,Loreto,6200240396,Porcentaje de la población de 30 a 59 años con limitación en la actividad,2020,16.5992448759439,Porcentaje
3,Baja California Sur,9,Loreto,6200240397,Tasa de monolingüismo de la población de 5 años y más hablante de Chol (Ch''ol),2020,0.0,Porcentaje
3,Baja California Sur,9,Loreto,6200240398,Tasa de monolingüismo de la población de 5 años y más hablante de Totonaca (Totonaco),2020,0.0,Porcentaje
3,Baja California Sur,9,Loreto,6200240407,Índice de envejecimiento,2020,45.3662842012357,Porcentaje
3,Baja California Sur,9,Loreto,6200240410,Porcentaje de hombres de 60 a 64 años,2020,2.43483083749307,Porcentaje
3,Baja California Sur,9,Loreto,6200240411,Porcentaje de hombres de 85 años y más,2020,0.210759844703272,Porcentaje
3,Baja California Sur,9,Loreto,6200240413,Tasa de monolingüismo de la población de 5 años y más hablante de Huasteco,2020,0.0,Porcentaje
3,Baja California Sur,9,Loreto,6200240414,"Porcentaje de la población derechohabiente en PEMEX, SDN o SM",2020,0.255852628885762,Porcentaje
3,Baja California Sur,9,Loreto,6200240416,Porcentaje de la población usuaria de servicios de salud en instituciones de servicios médicos privados,2020,0.786746833823717,Porcentaje
3,Baja California Sur,9,Loreto,6200240421,Porcentaje de la población derechohabiente en el ISSSTE,2020,26.2184981450684,Porcentaje
3,Baja California Sur,9,Loreto,6200240423,Porcentaje de hombres de 40 a 44 años,2020,3.67720465890183,Porcentaje
3,Baja California Sur,9,Loreto,6200240424,Tasa de monolingüismo de la población de 5 años y más hablante de Mixe,2020,0.0,Porcentaje
3,Baja California Sur,9,Loreto,6200240425,Porcentaje de hombres de 70 a 74 años,2020,1.0038824181919,Porcentaje
3,Baja California Sur,9,Loreto,6200240426,Porcentaje de mujeres de 60 a 64 años,2020,1.83582917359956,Porcentaje
3,Baja California Sur,9,Loreto,6200240427,Porcentaje de mujeres de 65 a 69 años,2020,1.36993899057127,Porcentaje
3,Baja California Sur,9,Loreto,6200240428,Tasa de monolingüismo de la población de 5 años y más hablante de Otomí,2020,0.0,Porcentaje
3,Baja California Sur,9,Loreto,6200240430,Porcentaje de la población con limitación para caminar y moverse,2020,27.14859437751,Porcentaje
3,Baja California Sur,9,Loreto,6200240431,Población de 5 años y más hablante de Purépecha (Tarasco),2020,13.0,Personas
3,Baja California Sur,9,Loreto,6200240432,Tasa de monolingüismo de la población de 5 años y más hablante de Zoque,2020,0.0,Porcentaje
3,Baja California Sur,9,Loreto,6200240433,Tasa de monolingüismo de la población de 5 años y más hablante de Lenguas zapotecas,2020,2.17391304347826,Porcentaje
3,Baja California Sur,9,Loreto,6200240434,Población de 5 años y más hablante de Chatino,2020,0.0,Personas
3,Baja California Sur,9,Loreto,6200240435,Porcentaje de la población con limitación para atender el cuidado personal,2020,4.21686746987952,Porcentaje
3,Baja California Sur,9,Loreto,6200240443,Porcentaje de mujeres de 35 a 39 años,2020,3.80476982806434,Porcentaje
3,Baja California Sur,9,Loreto,6200240444,Porcentaje de hombres de 55 a 59 años,2020,2.74542429284526,Porcentaje
3,Baja California Sur,9,Loreto,6200240445,Porcentaje de hombres de 5 a 9 años,2020,4.43150305047144,Porcentaje
3,Baja California Sur,9,Loreto,6200240447,Porcentaje de la población de 15 años y más sin instrucción,2020,3.21529115424507,Porcentaje
3,Baja California Sur,9,Loreto,6200240449,Tasa de monolingüismo de la población de 5 años y más hablante de lengua indígena,2020,0.97560975609756,Porcentaje
3,Baja California Sur,9,Loreto,6200240450,Porcentaje de la población con limitación para ver,2020,65.9437751004016,Porcentaje
3,Baja California Sur,9,Loreto,6200240451,Población de 5 años y más hablante de Tarahumara,2020,1.0,Personas
3,Baja California Sur,9,Loreto,6200240452,Población de 5 años y más hablante de Chol (Ch''ol),2020,0.0,Personas
3,Baja California Sur,9,Loreto,6200240453,Población de 5 años y más hablante de Totonaca (Totonaco),2020,2.0,Personas
3,Baja California Sur,9,Loreto,6200240454,Tasa de monolingüismo de la población de 5 años y más hablante de Mazahua,2020,0.0,Porcentaje
3,Baja California Sur,9,Loreto,6200240458,Porcentaje de la población con discapacidad por edad avanzada,2020,26.0025873221216,Porcentaje
3,Baja California Sur,9,Loreto,6200240459,Porcentaje de la población con discapacidad por nacimiento,2020,10.9961190168176,Porcentaje
3,Baja California Sur,9,Loreto,6200240466,Población de 5 años y más hablante de Tlapaneco,2020,6.0,Personas
3,Baja California Sur,9,Loreto,6200240471,Porcentaje de la población derechohabiente en el IMSS,2020,42.7785595496994,Porcentaje
3,Baja California Sur,9,Loreto,6200240475,Porcentaje de hombres de 80 a 84 años,2020,0.321686078757626,Porcentaje
3,Baja California Sur,9,Loreto,6200240477,Porcentaje de la población de 85 y más con limitación en la actividad,2020,40.0,Porcentaje
3,Baja California Sur,9,Loreto,6200240478,Porcentaje de la población con limitación para escuchar,2020,17.8714859437751,Porcentaje
3,Baja California Sur,9,Loreto,6200240479,Porcentaje de la población con limitación para poner atención o aprender,2020,22.6907630522088,Porcentaje
3,Baja California Sur,9,Loreto,6200240480,Población de 5 años y más hablante de Huasteco,2020,1.0,Personas
3,Baja California Sur,9,Loreto,6200240481,Población de 5 años y más hablante de Tzotzil (Tsotsil),2020,0.0,Personas
3,Baja California Sur,9,Loreto,6200240486,Porcentaje de hombres de 25 a 29 años,2020,3.73821408763173,Porcentaje
3,Baja California Sur,9,Loreto,6200240488,Porcentaje de la población de 15 a 29 años con limitación en la actividad,2020,8.12220566318927,Porcentaje
3,Baja California Sur,9,Loreto,6200240493,Porcentaje de la población de 5 años y más hablante de lengua indígena,2020,1.22923787251904,Porcentaje
3,Baja California Sur,9,Loreto,6200240495,Porcentaje de la población con discapacidad por otra causa,2020,8.40879689521345,Porcentaje
3,Baja California Sur,9,Loreto,6200240496,Población de 5 años y más hablante de Náhuatl,2020,48.0,Personas
3,Baja California Sur,9,Loreto,6200240497,Población no católica,2020,2116.0,Miles DE personas
3,Baja California Sur,9,Loreto,6200240499,Porcentaje de la población que profesa la religión protestante y evangélica,2020,11.6718369155772,Porcentaje
3,Baja California Sur,9,Loreto,6200240507,Porcentaje de mujeres de 50 a 54 años,2020,3.28341652800887,Porcentaje
3,Baja California Sur,9,Loreto,6200240509,Tasa de monolingüismo de la población de 5 años y más hablante de Tarahumara,2020,0.0,Porcentaje
3,Baja California Sur,9,Loreto,6200240518,Porcentaje de hombres de 30 a 34 años,2020,3.83804769828064,Porcentaje
3,Baja California Sur,9,Loreto,6200240520,Porcentaje de hombres de 20 a 24 años,2020,3.50526899611758,Porcentaje
3,Baja California Sur,9,Loreto,6200240521,Población de 5 años y más hablante de Zoque,2020,1.0,Personas
3,Baja California Sur,9,Loreto,6200240522,Tasa de monolingüismo de la población de 5 años y más hablante de Purépecha (Tarasco),2020,7.69230769230769,Porcentaje
3,Baja California Sur,9,Loreto,6200240532,Porcentaje de hombres de 45 a 49 años,2020,3.7603993344426,Porcentaje
3,Baja California Sur,9,Loreto,6200240533,Porcentaje de hombres de 50 a 54 años,2020,3.0393788130893,Porcentaje
3,Baja California Sur,9,Loreto,6200240534,Tasa de monolingüismo de la población de 5 años y más hablante de Resto de lenguas,2020,0.0,Porcentaje
3,Baja California Sur,9,Loreto,6200240535,Población de 5 años y más hablante de Mazateco,2020,15.0,Personas
3,Baja California Sur,9,Loreto,6200240536,Tasa de monolingüismo de la población de 5 años y más hablante de Tlapaneco,2020,0.0,Porcentaje
3,Baja California Sur,9,Loreto,6200240537,Tasa de monolingüismo de la población de 5 años y más hablante de Tzeltal (Tseltal),2020,0.0,Porcentaje
3,Baja California Sur,9,Loreto,6200240538,Población de 5 años y más hablante del Resto de lenguas,2020,44.0,Personas
3,Baja California Sur,9,Loreto,6200240539,Tasa de monolingüismo de la población de 5 años y más hablante de Lenguas chinantecas,2020,0.0,Porcentaje
3,Baja California Sur,9,Loreto,6200240540,Porcentaje de la población con discapacidad por enfermedad,2020,45.4075032341526,Porcentaje
3,Baja California Sur,9,Loreto,6200240548,Porcentaje de mujeres de 25 a 29 años,2020,3.48863006100943,Porcentaje
3,Baja California Sur,9,Loreto,6200240549,Porcentaje de mujeres de 30 a 34 años,2020,3.92124237382141,Porcentaje
3,Baja California Sur,9,Loreto,6205370864,Porcentaje de población que se considera afrodescendiente,2020,2.4263239530246,Porcentaje
3,Baja California Sur,9,Loreto,6207019007,Porcentaje de la población de 12 años y más viuda,2020,4.2996607353043,Porcentaje
3,Baja California Sur,9,Loreto,6207019009,Porcentaje de la población de 12 años y más casada,2020,29.7860555286298,Porcentaje
3,Baja California Sur,9,Loreto,6207019010,Porcentaje de población de 25 años y más alfabeta,2020,97.2250580046404,Porcentaje
3,Baja California Sur,9,Loreto,6207019011,Porcentaje de la población de 12 años y más soltera,2020,30.3330333033303,Porcentaje
3,Baja California Sur,9,Loreto,6207019012,Porcentaje de la población de 12 años y más separada,2020,6.52219068060652,Porcentaje
3,Baja California Sur,9,Loreto,6207019016,Porcentaje de la población de 12 años y más divorciada,2020,2.14636848300215,Porcentaje
3,Baja California Sur,9,Loreto,6207019017,Porcentaje de población afiliada a otra institución,2020,0.614046309325828,Porcentaje
3,Baja California Sur,9,Loreto,6207019018,Porcentaje de población afiliada a servicios de salud,2020,86.6053622867272,Porcentaje
3,Baja California Sur,9,Loreto,6207019019,Porcentaje de la población de 12 años y más en unión libre,2020,26.8365298068268,Porcentaje
3,Baja California Sur,9,Loreto,6207019020,Porcentaje de población de 15 años y más sin escolaridad,2020,2.96340198547933,Porcentaje
3,Baja California Sur,9,Loreto,6207019022,Porcentaje de viviendas particulares habitadas propias,2020,73.533061513916,Porcentaje
3,Baja California Sur,9,Loreto,6207019023,Porcentaje de hijos fallecidos de las mujeres de 15 a 49 años,2020,3.18497345855451,Porcentaje
3,Baja California Sur,9,Loreto,6207019024,Porcentaje de la población de 3 a 5 años que asiste a la escuela,2020,65.967365967366,Porcentaje
3,Baja California Sur,9,Loreto,6207019026,Porcentaje de la población de 6 a 11 años que asiste a la escuela,2020,96.0020768431983,Porcentaje
3,Baja California Sur,9,Loreto,6207019028,Porcentaje de la población de 12 a 14 años que asiste a la escuela,2020,94.1798941798942,Porcentaje
3,Baja California Sur,9,Loreto,6207019029,Porcentaje de la población de 15 a 24 años que asiste a la escuela,2020,46.5295629820051,Porcentaje
3,Baja California Sur,9,Loreto,6207019030,Porcentaje de población de 12 años y más económicamente activa,2020,62.7916637817628,Porcentaje
3,Baja California Sur,9,Loreto,6207019031,Porcentaje de población de 15 años y más con escolaridad básica,2020,48.4071714328049,Porcentaje
3,Baja California Sur,9,Loreto,6207019034,Porcentaje de población de 3 años y más hablante de lengua indígena,2020,1.19579729494398,Porcentaje
3,Baja California Sur,9,Loreto,6207019035,Porcentaje de la población de 12 años y más No Económicamente Activa,2020,36.5298068268365,Porcentaje
3,Baja California Sur,9,Loreto,6207019036,Promedio de hijos nacidos vivos de las mujeres de 15 a 49 años EI2015,2020,1.61587510993843,Promedio
3,Baja California Sur,9,Loreto,6207019039,Porcentaje de la población de 12 años y más económicamente activa ocupada,2020,98.9745286139596,Porcentaje
3,Baja California Sur,9,Loreto,6207019040,Porcentaje de la población femenina de 12 años y más económicamente activa,2020,38.9568860954901,Porcentaje
3,Baja California Sur,9,Loreto,6207019042,Porcentaje de viviendas particulares habitadas que disponen de Internet,2020,44.9640287769784,Porcentaje
3,Baja California Sur,9,Loreto,6207019043,Porcentaje de la población masculina de 12 años y más económicamente activa,2020,61.0431139045099,Porcentaje
3,Baja California Sur,9,Loreto,6207019046,Porcentaje de viviendas particulares habitadas que disponen de computadora,2020,41.1330935251799,Porcentaje
3,Baja California Sur,9,Loreto,6207019047,Porcentaje de la población de 12 años y más no económicamente activa que estudia,2020,37.035633055345,Porcentaje
3,Baja California Sur,9,Loreto,6207019050,Porcentaje de viviendas particulares habitadas que disponen de teléfono fijo,2020,30.3237410071942,Porcentaje
3,Baja California Sur,9,Loreto,6207019051,Porcentaje de la población de 12 años y más sin especificar su situación conyugal,2020,0.0761614623000762,Porcentaje
3,Baja California Sur,9,Loreto,6207019054,Porcentaje de la población femenina de 12 años y más económicamente activa ocupada,2020,99.4339088593264,Porcentaje
3,Baja California Sur,9,Loreto,6207019055,Porcentaje de viviendas particulares habitadas que disponen de teléfono celular,2020,92.2122302158273,Porcentaje
3,Baja California Sur,9,Loreto,6207019056,Porcentaje de la población masculina de 12 años y más económicamente activa ocupada,2020,98.6813583815029,Porcentaje
3,Baja California Sur,9,Loreto,6207019057,Porcentaje de viviendas particulares habitadas que disponen de televisión de paga,2020,66.726618705036,Porcentaje
3,Baja California Sur,9,Loreto,6207019058,Porcentaje de población de 3 años y más hablante de lengua indígena que no habla español,2020,0.970873786407767,Porcentaje
3,Baja California Sur,9,Loreto,6207019059,Porcentaje de población de 12 años con condición de actividad económica no especificada,2020,0.678529391400679,Porcentaje
3,Baja California Sur,9,Loreto,6207019060,Porcentaje de la población de 12 años y más no económicamente activa que es pensionada o jubilada,2020,10.0644427596664,Porcentaje
3,Baja California Sur,9,Loreto,6207019063,Porcentaje de superficie en el ámbito geográfico de referencia respecto a la unidad geográfica superior,2020,5.97439061393244,Porcentaje
3,Baja California Sur,9,Loreto,6207019064,Porcentaje de la población de 12 años y más no económicamente activa que se dedica a los quehaceres del hogar,2020,37.7369219105383,Porcentaje
3,Baja California Sur,9,Loreto,6207019065,Porcentaje de la población de 12 años y más no económicamente activa que realiza otras actividades no económicas,2020,12.3199393479909,Porcentaje
3,Baja California Sur,9,Loreto,6207019070,Porcentaje de la población de 12 años y más no económicamente activa con alguna limitación física o mental que les impide trabajar,2020,2.84306292645944,Porcentaje
3,Baja California Sur,9,Loreto,6207020032,Porcentaje de hombres,2020,51.2796366053623,Porcentaje
3,Baja California Sur,9,Loreto,6207020033,Porcentaje de mujeres,2020,48.7203633946377,Porcentaje
3,Baja California Sur,9,Loreto,6207020035,Promedio de ocupantes por cuarto (Índice de hacinamiento),2020,1.03834445615268,Promedio
3,Baja California Sur,9,Loreto,6207049066,Población de 6 a 14 años que sabe leer y escribir,2020,2519.0,Porcentaje
3,Baja California Sur,9,Loreto,6207049067,Población de 6 a 14 años que no sabe leer y escribir,2020,323.0,Porcentaje
3,Baja California Sur,9,Loreto,6207049068,Porcentaje de la población de 3 años y más que asiste a la escuela,2020,27.6136297672259,Porcentaje
3,Baja California Sur,9,Loreto,6207049069,Porcentaje de la población de 3 años y más que no asiste a la escuela,2020,72.2934927729727,Porcentaje
3,Baja California Sur,9,Loreto,6207049070,Población de 6 a 14 años que no especificó si sabe o no leer y escribir,2020,29.0,Porcentaje
3,Baja California Sur,9,Loreto,6207049071,Porcentaje de la población de 3 años y más que no especificó si asiste o no a la escuela,2020,0.0928774598014744,Porcentaje
3,Baja California Sur,9,Loreto,6207051593,Porcentaje de población de 6 a 14 años que no asiste a la escuela,2020,4.388715,Porcentaje
3,Baja California Sur,9,Loreto,6207068394,Porcentaje de viviendas con agua entubada dentro de la vivienda,2020,80.6654676258993,Porcentaje
3,Baja California Sur,9,Loreto,6207129629,Porcentaje de la población nacional/estatal que representa,2020,2.2608889506755,Porcentaje
3,Baja California Sur,9,Loreto,6207129630,Promedio de ocupantes por dormitorio,2020,1.73263651460389,Promedio
3,Baja California Sur,9,Loreto,6207129631,Porcentaje de viviendas particulares habitadas que disponen de tinaco,2020,62.7158273381295,Porcentaje
3,Baja California Sur,9,Loreto,6207129632,Porcentaje de viviendas particulares habitadas que disponen de cisterna o aljibe,2020,15.1258992805755,Porcentaje
3,Baja California Sur,9,Loreto,6207129635,Porcentaje de viviendas particulares habitadas que disponen de Automóvil o camioneta,2020,77.4100719424461,Porcentaje
3,Baja California Sur,9,Loreto,6207129636,Porcentaje de viviendas particulares habitadas que disponen de motocicleta o motoneta,2020,10.4496402877698,Porcentaje
3,Baja California Sur,9,Loreto,6207129637,Porcentaje de viviendas particulares habitadas que disponen de bicicleta como medio de transporte,2020,30.521582733813,Porcentaje
3,Baja California Sur,9,Loreto,6207129638,Porcentaje de la población con algún tipo de  discapacidad,2020,5.04099268779083,Porcentaje
3,Baja California Sur,9,Loreto,6207129639,Porcentaje de la población entre 0 y 17 años con algún tipo de  discapacidad,2020,2.36177224459905,Porcentaje
3,Baja California Sur,9,Loreto,6207129640,Porcentaje de la población entre 18 y 29 años con algún tipo de  discapacidad,2020,2.42248062015504,Porcentaje
3,Baja California Sur,9,Loreto,6207129641,Porcentaje de la población entre 30 y 59 años con algún tipo de  discapacidad,2020,4.00485436893204,Porcentaje
3,Baja California Sur,9,Loreto,6207129642,Porcentaje de la población de 60 años y más con algún tipo de  discapacidad,2020,19.8929961089494,Porcentaje
3,Baja California Sur,9,Loreto,6207129643,Porcentaje de la población de 5 y más años migrante según causa: Trabajo,2020,42.2467263955892,Porcentaje
3,Baja California Sur,9,Loreto,6207129644,Porcentaje de la población de 5 y más años migrante según causa: Familiar,2020,39.4900068917988,Porcentaje
3,Baja California Sur,9,Loreto,6207129645,Porcentaje de la población de 5 y más años migrante según causa: Educativa,2020,4.41075120606478,Porcentaje
3,Baja California Sur,9,Loreto,6207129646,Porcentaje de la población de 5 y más años migrante según causa: Inseguridad delictiva o violencia,2020,3.58373535492764,Porcentaje
3,Baja California Sur,9,Loreto,6207129647,Porcentaje de la población de 5 y más años migrante según causa: Otra causa,2020,8.95933838731909,Porcentaje
3,Baja California Sur,9,Loreto,6207129648,Promedio de hijos nacidos vivos por grupo de edad: 15-19,2020,0.151967435549525,Promedio
3,Baja California Sur,9,Loreto,6207129649,Promedio de hijos nacidos vivos por grupo de edad: 20-24,2020,0.859706362153344,Promedio
3,Baja California Sur,9,Loreto,6207129650,Promedio de hijos nacidos vivos por grupo de edad: 25-29,2020,1.50159744408946,Promedio
3,Baja California Sur,9,Loreto,6207129651,Promedio de hijos nacidos vivos por grupo de edad: 30-34,2020,1.93352192362093,Promedio
3,Baja California Sur,9,Loreto,6207129652,Promedio de hijos nacidos vivos por grupo de edad: 35-39,2020,2.22953216374269,Promedio
3,Baja California Sur,9,Loreto,6207129653,Promedio de hijos nacidos vivos por grupo de edad: 40-44,2020,2.39931153184165,Promedio
3,Baja California Sur,9,Loreto,6207129654,Promedio de hijos nacidos vivos por grupo de edad: 45-49,2020,2.47333333333333,Promedio
3,Baja California Sur,9,Loreto,6207129812,Porcentaje de viviendas particulares habitadas que disponen de refrigerador,2020,90.9712230215827,Porcentaje
3,Baja California Sur,9,Loreto,6207129813,Porcentaje de viviendas particulares habitadas que disponen de lavadora,2020,73.7589928057554,Porcentaje
3,Baja California Sur,9,Loreto,6207129818,Porcentaje de la población derechohabiente en Instituto de Salud para el Bienestar (IMSS-PROSPERA o IMSS-BIENESTAR),2020,1.03620314698734,Porcentaje
3,Baja California Sur,9,Loreto,6207129822,Ubicación geográfica con la mayor cantidad de pobladores. Primer lugar,2020,30090001.0,No aplica
3,Baja California Sur,9,Loreto,6207129825,Población de la ubicación geográfica con la mayor cantidad de pobladores. Primer lugar,2020,16311.0,Personas
3,Baja California Sur,9,Loreto,6207129828,Lengua indígena más frecuente. Descripción. Primer lugar,2020,211.0,No aplica
3,Baja California Sur,9,Loreto,6207129830,Lengua indígena más frecuente. Porcentaje. Primer lugar,2020,25.3968253968254,Porcentaje
3,Baja California Sur,9,Loreto,6207129840,Total de áreas geográficas,2020,127.0,Municipios
